project_id,site_id,datetime,duration,depth_m,Chla_ugl_mean
vera4cast,bvre,2020-06-25 00:00:00.000000Z,P1D,1.5,4.193103448275863
vera4cast,bvre,2020-06-26 00:00:00.000000Z,P1D,1.5,4.619513888888889
vera4cast,bvre,2020-06-27 00:00:00.000000Z,P1D,1.5,3.410833333333333
vera4cast,bvre,2020-06-28 00:00:00.000000Z,P1D,1.5,3.6215972222222224
vera4cast,bvre,2020-06-29 00:00:00.000000Z,P1D,1.5,3.943055555555556
vera4cast,bvre,2020-06-30 00:00:00.000000Z,P1D,1.5,5.062708333333333
vera4cast,bvre,2020-07-01 00:00:00.000000Z,P1D,1.5,5.245972222222222
vera4cast,bvre,2020-07-02 00:00:00.000000Z,P1D,1.5,5.549928571428572
vera4cast,bvre,2020-07-03 00:00:00.000000Z,P1D,1.5,6.042569444444444
vera4cast,bvre,2020-07-04 00:00:00.000000Z,P1D,1.5,6.535347222222223
vera4cast,bvre,2020-07-05 00:00:00.000000Z,P1D,1.5,6.565763888888889
vera4cast,bvre,2020-07-06 00:00:00.000000Z,P1D,1.5,7.21875
vera4cast,bvre,2020-07-07 00:00:00.000000Z,P1D,1.5,7.446041666666667
vera4cast,bvre,2020-07-08 00:00:00.000000Z,P1D,1.5,7.161041666666667
vera4cast,bvre,2020-07-09 00:00:00.000000Z,P1D,1.5,7.579305555555556
vera4cast,bvre,2020-07-10 00:00:00.000000Z,P1D,1.5,7.169305555555556
vera4cast,bvre,2020-07-11 00:00:00.000000Z,P1D,1.5,4.714375
vera4cast,bvre,2020-07-12 00:00:00.000000Z,P1D,1.5,4.954027777777778
vera4cast,bvre,2020-07-13 00:00:00.000000Z,P1D,1.5,4.796805555555555
vera4cast,bvre,2020-07-14 00:00:00.000000Z,P1D,1.5,4.394375
vera4cast,bvre,2020-07-15 00:00:00.000000Z,P1D,1.5,4.221805555555555
vera4cast,bvre,2020-07-16 00:00:00.000000Z,P1D,1.5,4.1402777777777775
vera4cast,bvre,2020-07-17 00:00:00.000000Z,P1D,1.5,3.8688194444444446
vera4cast,bvre,2020-07-18 00:00:00.000000Z,P1D,1.5,2.669370629370629
vera4cast,bvre,2020-07-19 00:00:00.000000Z,P1D,1.5,2.3144444444444443
vera4cast,bvre,2020-07-20 00:00:00.000000Z,P1D,1.5,1.899513888888889
vera4cast,bvre,2020-07-21 00:00:00.000000Z,P1D,1.5,2.091111111111111
vera4cast,bvre,2020-07-22 00:00:00.000000Z,P1D,1.5,1.895555555555556
vera4cast,bvre,2020-07-23 00:00:00.000000Z,P1D,1.5,1.8458741258741256
vera4cast,bvre,2020-07-24 00:00:00.000000Z,P1D,1.5,2.0544444444444445
vera4cast,bvre,2020-07-25 00:00:00.000000Z,P1D,1.5,2.1644444444444444
vera4cast,bvre,2020-07-26 00:00:00.000000Z,P1D,1.5,1.8845833333333333
vera4cast,bvre,2020-07-27 00:00:00.000000Z,P1D,1.5,1.58375
vera4cast,bvre,2020-07-28 00:00:00.000000Z,P1D,1.5,1.4885416666666669
vera4cast,bvre,2020-07-29 00:00:00.000000Z,P1D,1.5,1.7015277777777778
vera4cast,bvre,2020-07-30 00:00:00.000000Z,P1D,1.5,1.8165972222222224
vera4cast,bvre,2020-07-31 00:00:00.000000Z,P1D,1.5,1.95125
vera4cast,bvre,2020-08-01 00:00:00.000000Z,P1D,1.5,3.955277777777778
vera4cast,bvre,2020-08-02 00:00:00.000000Z,P1D,1.5,2.7718055555555554
vera4cast,bvre,2020-08-03 00:00:00.000000Z,P1D,1.5,2.904513888888889
vera4cast,bvre,2020-08-04 00:00:00.000000Z,P1D,1.5,2.7138194444444443
vera4cast,bvre,2020-08-05 00:00:00.000000Z,P1D,1.5,2.3378472222222224
vera4cast,bvre,2020-08-06 00:00:00.000000Z,P1D,1.5,2.656830985915493
vera4cast,bvre,2020-08-07 00:00:00.000000Z,P1D,1.5,2.8013194444444443
vera4cast,bvre,2020-08-08 00:00:00.000000Z,P1D,1.5,2.2845138888888887
vera4cast,bvre,2020-08-09 00:00:00.000000Z,P1D,1.5,2.444652777777778
vera4cast,bvre,2020-08-10 00:00:00.000000Z,P1D,1.5,2.104861111111111
vera4cast,bvre,2020-08-11 00:00:00.000000Z,P1D,1.5,2.0120138888888888
vera4cast,bvre,2020-08-12 00:00:00.000000Z,P1D,1.5,2.0356028368794328
vera4cast,bvre,2020-08-13 00:00:00.000000Z,P1D,1.5,2.398432835820896
vera4cast,bvre,2020-08-14 00:00:00.000000Z,P1D,1.5,3.197887323943662
vera4cast,bvre,2020-08-15 00:00:00.000000Z,P1D,1.5,4.80965034965035
vera4cast,bvre,2020-08-16 00:00:00.000000Z,P1D,1.5,5.98986013986014
vera4cast,bvre,2020-08-17 00:00:00.000000Z,P1D,1.5,4.308613138686131
vera4cast,bvre,2020-08-18 00:00:00.000000Z,P1D,1.5,4.559720279720279
vera4cast,bvre,2020-08-19 00:00:00.000000Z,P1D,1.5,3.6217605633802816
vera4cast,bvre,2020-08-20 00:00:00.000000Z,P1D,1.5,3.818992805755396
vera4cast,bvre,2020-08-21 00:00:00.000000Z,P1D,1.5,4.504755244755245
vera4cast,bvre,2020-08-22 00:00:00.000000Z,P1D,1.5,4.223333333333334
vera4cast,bvre,2020-08-23 00:00:00.000000Z,P1D,1.5,3.43
vera4cast,bvre,2020-08-24 00:00:00.000000Z,P1D,1.5,3.5797916666666665
vera4cast,bvre,2020-08-25 00:00:00.000000Z,P1D,1.5,3.613263888888889
vera4cast,bvre,2020-08-26 00:00:00.000000Z,P1D,1.5,3.979078014184397
vera4cast,bvre,2020-08-27 00:00:00.000000Z,P1D,1.5,4.399791666666666
vera4cast,bvre,2020-08-28 00:00:00.000000Z,P1D,1.5,4.539722222222222
vera4cast,bvre,2020-08-29 00:00:00.000000Z,P1D,1.5,4.609791666666666
vera4cast,bvre,2020-08-30 00:00:00.000000Z,P1D,1.5,4.916527777777778
vera4cast,bvre,2020-08-31 00:00:00.000000Z,P1D,1.5,6.430694444444445
vera4cast,bvre,2020-09-01 00:00:00.000000Z,P1D,1.5,8.532291666666667
vera4cast,bvre,2020-09-02 00:00:00.000000Z,P1D,1.5,7.870909090909091
vera4cast,bvre,2020-09-03 00:00:00.000000Z,P1D,1.5,7.268601398601398
vera4cast,bvre,2020-09-04 00:00:00.000000Z,P1D,1.5,6.434375
vera4cast,bvre,2020-09-05 00:00:00.000000Z,P1D,1.5,6.588321678321679
vera4cast,bvre,2020-09-06 00:00:00.000000Z,P1D,1.5,7.389370629370629
vera4cast,bvre,2020-09-07 00:00:00.000000Z,P1D,1.5,7.602430555555555
vera4cast,bvre,2020-09-08 00:00:00.000000Z,P1D,1.5,7.5784722222222225
vera4cast,bvre,2020-09-09 00:00:00.000000Z,P1D,1.5,8.518832116788321
vera4cast,bvre,2020-09-10 00:00:00.000000Z,P1D,1.5,8.290555555555555
vera4cast,bvre,2020-09-11 00:00:00.000000Z,P1D,1.5,8.409375
vera4cast,bvre,2020-09-12 00:00:00.000000Z,P1D,1.5,11.14673611111111
vera4cast,bvre,2020-09-13 00:00:00.000000Z,P1D,1.5,9.895454545454546
vera4cast,bvre,2020-09-14 00:00:00.000000Z,P1D,1.5,9.25006993006993
vera4cast,bvre,2020-09-15 00:00:00.000000Z,P1D,1.5,10.5575
vera4cast,bvre,2020-09-16 00:00:00.000000Z,P1D,1.5,11.27702290076336
vera4cast,bvre,2020-09-17 00:00:00.000000Z,P1D,1.5,11.742377622377624
vera4cast,bvre,2020-09-18 00:00:00.000000Z,P1D,1.5,10.400347222222225
vera4cast,bvre,2020-09-19 00:00:00.000000Z,P1D,1.5,10.456197183098592
vera4cast,bvre,2020-09-20 00:00:00.000000Z,P1D,1.5,9.760763888888889
vera4cast,bvre,2020-09-21 00:00:00.000000Z,P1D,1.5,9.000279720279721
vera4cast,bvre,2020-09-22 00:00:00.000000Z,P1D,1.5,7.625138888888888
vera4cast,bvre,2020-09-23 00:00:00.000000Z,P1D,1.5,7.843958333333333
vera4cast,bvre,2020-09-24 00:00:00.000000Z,P1D,1.5,8.35048951048951
vera4cast,bvre,2020-09-25 00:00:00.000000Z,P1D,1.5,9.773819444444444
vera4cast,bvre,2020-09-26 00:00:00.000000Z,P1D,1.5,9.106083916083916
vera4cast,bvre,2020-09-27 00:00:00.000000Z,P1D,1.5,9.523146853146851
vera4cast,bvre,2020-09-28 00:00:00.000000Z,P1D,1.5,10.336573426573429
vera4cast,bvre,2020-09-29 00:00:00.000000Z,P1D,1.5,10.492291666666668
vera4cast,bvre,2020-09-30 00:00:00.000000Z,P1D,1.5,9.327552447552447
vera4cast,bvre,2020-10-01 00:00:00.000000Z,P1D,1.5,9.298947368421052
vera4cast,bvre,2020-10-02 00:00:00.000000Z,P1D,1.5,9.944513888888888
vera4cast,bvre,2020-10-03 00:00:00.000000Z,P1D,1.5,11.558251748251749
vera4cast,bvre,2020-10-04 00:00:00.000000Z,P1D,1.5,12.557152777777778
vera4cast,bvre,2020-10-05 00:00:00.000000Z,P1D,1.5,11.4664
vera4cast,bvre,2020-10-06 00:00:00.000000Z,P1D,1.5,12.707552447552448
vera4cast,bvre,2020-10-07 00:00:00.000000Z,P1D,1.5,10.481388888888889
vera4cast,bvre,2020-10-08 00:00:00.000000Z,P1D,1.5,10.24840277777778
vera4cast,bvre,2020-10-09 00:00:00.000000Z,P1D,1.5,13.106338028169016
vera4cast,bvre,2020-10-10 00:00:00.000000Z,P1D,1.5,14.139722222222222
vera4cast,bvre,2020-10-11 00:00:00.000000Z,P1D,1.5,14.264722222222222
vera4cast,bvre,2020-10-12 00:00:00.000000Z,P1D,1.5,14.612307692307692
vera4cast,bvre,2020-10-13 00:00:00.000000Z,P1D,1.5,13.219583333333333
vera4cast,bvre,2020-10-14 00:00:00.000000Z,P1D,1.5,11.624084507042252
vera4cast,bvre,2020-10-15 00:00:00.000000Z,P1D,1.5,12.865416666666668
vera4cast,bvre,2020-10-16 00:00:00.000000Z,P1D,1.5,11.10979020979021
vera4cast,bvre,2020-10-17 00:00:00.000000Z,P1D,1.5,10.559861111111111
vera4cast,bvre,2020-10-18 00:00:00.000000Z,P1D,1.5,10.785
vera4cast,bvre,2020-10-19 00:00:00.000000Z,P1D,1.5,11.883125
vera4cast,bvre,2020-10-20 00:00:00.000000Z,P1D,1.5,11.69513888888889
vera4cast,bvre,2020-10-21 00:00:00.000000Z,P1D,1.5,12.101328671328671
vera4cast,bvre,2020-10-22 00:00:00.000000Z,P1D,1.5,12.94
vera4cast,bvre,2020-10-23 00:00:00.000000Z,P1D,1.5,13.025244755244756
vera4cast,bvre,2020-10-24 00:00:00.000000Z,P1D,1.5,10.167872340425532
vera4cast,bvre,2020-10-25 00:00:00.000000Z,P1D,1.5,17.918181818181818
vera4cast,bvre,2020-10-26 00:00:00.000000Z,P1D,1.5,14.3609022556391
vera4cast,bvre,2020-10-27 00:00:00.000000Z,P1D,1.5,14.984397163120567
vera4cast,bvre,2020-10-28 00:00:00.000000Z,P1D,1.5,17.57181818181818
vera4cast,bvre,2020-10-29 00:00:00.000000Z,P1D,1.5,17.27709923664122
vera4cast,bvre,2020-10-30 00:00:00.000000Z,P1D,1.5,12.702657342657345
vera4cast,bvre,2020-10-31 00:00:00.000000Z,P1D,1.5,12.113055555555556
vera4cast,bvre,2020-11-01 00:00:00.000000Z,P1D,1.5,9.754965034965036
vera4cast,bvre,2020-11-02 00:00:00.000000Z,P1D,1.5,9.050069930069933
vera4cast,bvre,2020-11-03 00:00:00.000000Z,P1D,1.5,8.91013986013986
vera4cast,bvre,2020-11-04 00:00:00.000000Z,P1D,1.5,8.892847222222223
vera4cast,bvre,2020-11-05 00:00:00.000000Z,P1D,1.5,8.46874125874126
vera4cast,bvre,2020-11-06 00:00:00.000000Z,P1D,1.5,7.230486111111111
vera4cast,bvre,2020-11-07 00:00:00.000000Z,P1D,1.5,8.328811188811189
vera4cast,bvre,2020-11-08 00:00:00.000000Z,P1D,1.5,9.387692307692308
vera4cast,bvre,2020-11-09 00:00:00.000000Z,P1D,1.5,10.921818181818182
vera4cast,bvre,2020-11-10 00:00:00.000000Z,P1D,1.5,13.861857142857144
vera4cast,bvre,2020-11-11 00:00:00.000000Z,P1D,1.5,15.476595744680852
vera4cast,bvre,2020-11-12 00:00:00.000000Z,P1D,1.5,13.26725352112676
vera4cast,bvre,2020-11-13 00:00:00.000000Z,P1D,1.5,13.499444444444444
vera4cast,bvre,2020-11-14 00:00:00.000000Z,P1D,1.5,12.817412587412589
vera4cast,bvre,2020-11-15 00:00:00.000000Z,P1D,1.5,10.094930555555557
vera4cast,bvre,2020-11-16 00:00:00.000000Z,P1D,1.5,7.207361111111111
vera4cast,bvre,2020-11-17 00:00:00.000000Z,P1D,1.5,6.579027777777778
vera4cast,bvre,2020-11-18 00:00:00.000000Z,P1D,1.5,5.948881118881119
vera4cast,bvre,2020-11-19 00:00:00.000000Z,P1D,1.5,7.305555555555555
vera4cast,bvre,2020-11-20 00:00:00.000000Z,P1D,1.5,6.551267605633803
vera4cast,bvre,2020-11-21 00:00:00.000000Z,P1D,1.5,6.430833333333333
vera4cast,bvre,2020-11-22 00:00:00.000000Z,P1D,1.5,7.063472222222222
vera4cast,bvre,2020-11-23 00:00:00.000000Z,P1D,1.5,6.3638028169014085
vera4cast,bvre,2020-11-24 00:00:00.000000Z,P1D,1.5,7.5228472222222225
vera4cast,bvre,2020-11-25 00:00:00.000000Z,P1D,1.5,7.243356643356643
vera4cast,bvre,2020-11-26 00:00:00.000000Z,P1D,1.5,6.949580419580419
vera4cast,bvre,2020-11-27 00:00:00.000000Z,P1D,1.5,7.52965034965035
vera4cast,bvre,2020-11-28 00:00:00.000000Z,P1D,1.5,6.977062937062937
vera4cast,bvre,2020-11-29 00:00:00.000000Z,P1D,1.5,7.336180555555556
vera4cast,bvre,2020-11-30 00:00:00.000000Z,P1D,1.5,6.776549295774648
vera4cast,bvre,2020-12-01 00:00:00.000000Z,P1D,1.5,5.6925
vera4cast,bvre,2020-12-02 00:00:00.000000Z,P1D,1.5,5.931608391608392
vera4cast,bvre,2020-12-03 00:00:00.000000Z,P1D,1.5,6.402638895833333
vera4cast,bvre,2020-12-04 00:00:00.000000Z,P1D,1.5,6.584718316901409
vera4cast,bvre,2020-12-05 00:00:00.000000Z,P1D,1.5,5.311258741258741
vera4cast,bvre,2020-12-06 00:00:00.000000Z,P1D,1.5,5.584195804195804
vera4cast,bvre,2020-12-07 00:00:00.000000Z,P1D,1.5,5.71979020979021
vera4cast,bvre,2020-12-08 00:00:00.000000Z,P1D,1.5,4.575104895104895
vera4cast,bvre,2020-12-09 00:00:00.000000Z,P1D,1.5,4.879166666666666
vera4cast,bvre,2020-12-10 00:00:00.000000Z,P1D,1.5,5.724652777777778
vera4cast,bvre,2020-12-11 00:00:00.000000Z,P1D,1.5,5.992727272727273
vera4cast,bvre,2020-12-12 00:00:00.000000Z,P1D,1.5,5.5119444375
vera4cast,bvre,2020-12-13 00:00:00.000000Z,P1D,1.5,4.979930076923077
vera4cast,bvre,2020-12-14 00:00:00.000000Z,P1D,1.5,4.476153846153846
vera4cast,bvre,2020-12-15 00:00:00.000000Z,P1D,1.5,4.585069444444445
vera4cast,bvre,2020-12-16 00:00:00.000000Z,P1D,1.5,5.180208333333334
vera4cast,bvre,2020-12-17 00:00:00.000000Z,P1D,1.5,4.598111888111888
vera4cast,bvre,2020-12-18 00:00:00.000000Z,P1D,1.5,4.391180555555556
vera4cast,bvre,2020-12-19 00:00:00.000000Z,P1D,1.5,5.154236111111112
vera4cast,bvre,2020-12-20 00:00:00.000000Z,P1D,1.5,5.232097902097902
vera4cast,bvre,2020-12-21 00:00:00.000000Z,P1D,1.5,4.890209790209791
vera4cast,bvre,2020-12-22 00:00:00.000000Z,P1D,1.5,4.153263888888889
vera4cast,bvre,2020-12-23 00:00:00.000000Z,P1D,1.5,4.928055555555556
vera4cast,bvre,2020-12-24 00:00:00.000000Z,P1D,1.5,5.389166666666667
vera4cast,bvre,2020-12-25 00:00:00.000000Z,P1D,1.5,4.34034965034965
vera4cast,bvre,2020-12-26 00:00:00.000000Z,P1D,1.5,4.567272727272727
vera4cast,bvre,2020-12-27 00:00:00.000000Z,P1D,1.5,5.033611111111111
vera4cast,bvre,2020-12-28 00:00:00.000000Z,P1D,1.5,5.057913669064749
vera4cast,bvre,2020-12-29 00:00:00.000000Z,P1D,1.5,4.514375
vera4cast,bvre,2020-12-30 00:00:00.000000Z,P1D,1.5,5.182222229166666
vera4cast,bvre,2020-12-31 00:00:00.000000Z,P1D,1.5,5.104027777777778
vera4cast,bvre,2021-01-01 00:00:00.000000Z,P1D,1.5,5.887708333333333
vera4cast,bvre,2021-01-02 00:00:00.000000Z,P1D,1.5,4.948591549295775
vera4cast,bvre,2021-01-03 00:00:00.000000Z,P1D,1.5,5.644583326388889
vera4cast,bvre,2021-01-04 00:00:00.000000Z,P1D,1.5,5.46006993006993
vera4cast,bvre,2021-01-05 00:00:00.000000Z,P1D,1.5,5.269230769230769
vera4cast,bvre,2021-01-06 00:00:00.000000Z,P1D,1.5,4.833286713286713
vera4cast,bvre,2021-01-07 00:00:00.000000Z,P1D,1.5,5.290972222222222
vera4cast,bvre,2021-01-08 00:00:00.000000Z,P1D,1.5,6.0881944375
vera4cast,bvre,2021-01-09 00:00:00.000000Z,P1D,1.5,4.800699300699301
vera4cast,bvre,2021-01-10 00:00:00.000000Z,P1D,1.5,5.291824817518248
vera4cast,bvre,2021-01-11 00:00:00.000000Z,P1D,1.5,6.2877777777777775
vera4cast,bvre,2021-01-12 00:00:00.000000Z,P1D,1.5,5.483006979020979
vera4cast,bvre,2021-01-13 00:00:00.000000Z,P1D,1.5,5.2501388888888885
vera4cast,bvre,2021-01-14 00:00:00.000000Z,P1D,1.5,5.465664335664336
vera4cast,bvre,2021-01-15 00:00:00.000000Z,P1D,1.5,6.963680548611111
vera4cast,bvre,2021-01-16 00:00:00.000000Z,P1D,1.5,6.591608384615385
vera4cast,bvre,2021-01-17 00:00:00.000000Z,P1D,1.5,6.253426573426573
vera4cast,bvre,2021-01-18 00:00:00.000000Z,P1D,1.5,6.768671328671329
vera4cast,bvre,2021-01-19 00:00:00.000000Z,P1D,1.5,6.541805548611111
vera4cast,bvre,2021-01-20 00:00:00.000000Z,P1D,1.5,6.356458319444444
vera4cast,bvre,2021-01-21 00:00:00.000000Z,P1D,1.5,6.2657638888888885
vera4cast,bvre,2021-01-22 00:00:00.000000Z,P1D,1.5,6.082867132867133
vera4cast,bvre,2021-01-23 00:00:00.000000Z,P1D,1.5,6.355763875
vera4cast,bvre,2021-01-24 00:00:00.000000Z,P1D,1.5,7.8508333125
vera4cast,bvre,2021-01-25 00:00:00.000000Z,P1D,1.5,8.604097215277777
vera4cast,bvre,2021-01-26 00:00:00.000000Z,P1D,1.5,8.281249965277778
vera4cast,bvre,2021-01-27 00:00:00.000000Z,P1D,1.5,7.098661964788732
vera4cast,bvre,2021-01-28 00:00:00.000000Z,P1D,1.5,6.578741223776224
vera4cast,bvre,2021-01-29 00:00:00.000000Z,P1D,1.5,6.2676388888888885
vera4cast,bvre,2021-01-30 00:00:00.000000Z,P1D,1.5,6.936666659722222
vera4cast,bvre,2021-01-31 00:00:00.000000Z,P1D,1.5,9.170833277777778
vera4cast,bvre,2021-02-01 00:00:00.000000Z,P1D,1.5,7.127902097902098
vera4cast,bvre,2021-02-02 00:00:00.000000Z,P1D,1.5,5.9175
vera4cast,bvre,2021-02-03 00:00:00.000000Z,P1D,1.5,6.090909097902098
vera4cast,bvre,2021-02-04 00:00:00.000000Z,P1D,1.5,6.236666659722222
vera4cast,bvre,2021-02-05 00:00:00.000000Z,P1D,1.5,6.847202762237762
vera4cast,bvre,2021-02-06 00:00:00.000000Z,P1D,1.5,6.888391573426573
vera4cast,bvre,2021-02-07 00:00:00.000000Z,P1D,1.5,6.827430534722223
vera4cast,bvre,2021-02-08 00:00:00.000000Z,P1D,1.5,6.889791645833333
vera4cast,bvre,2021-02-09 00:00:00.000000Z,P1D,1.5,7.221319430555556
vera4cast,bvre,2021-02-10 00:00:00.000000Z,P1D,1.5,8.192430506944444
vera4cast,bvre,2021-02-11 00:00:00.000000Z,P1D,1.5,8.962361097222223
vera4cast,bvre,2021-02-12 00:00:00.000000Z,P1D,1.5,9.404374965277778
vera4cast,bvre,2021-02-13 00:00:00.000000Z,P1D,1.5,8.697222208333333
vera4cast,bvre,2021-02-14 00:00:00.000000Z,P1D,1.5,8.319513881944445
vera4cast,bvre,2021-02-15 00:00:00.000000Z,P1D,1.5,8.853263861111111
vera4cast,bvre,2021-02-16 00:00:00.000000Z,P1D,1.5,7.573194423611111
vera4cast,bvre,2021-02-17 00:00:00.000000Z,P1D,1.5,6.664444444444444
vera4cast,bvre,2021-02-18 00:00:00.000000Z,P1D,1.5,8.19146848951049
vera4cast,bvre,2021-02-19 00:00:00.000000Z,P1D,1.5,6.554722208333334
vera4cast,bvre,2021-02-20 00:00:00.000000Z,P1D,1.5,5.797762237762238
vera4cast,bvre,2021-02-21 00:00:00.000000Z,P1D,1.5,6.335594405594406
vera4cast,bvre,2021-02-22 00:00:00.000000Z,P1D,1.5,7.158811181818182
vera4cast,bvre,2021-02-23 00:00:00.000000Z,P1D,1.5,6.033616992907802
vera4cast,bvre,2021-02-24 00:00:00.000000Z,P1D,1.5,6.023541659722222
vera4cast,bvre,2021-02-25 00:00:00.000000Z,P1D,1.5,6.298881111888112
vera4cast,bvre,2021-02-26 00:00:00.000000Z,P1D,1.5,7.602361090277777
vera4cast,bvre,2021-02-27 00:00:00.000000Z,P1D,1.5,7.619720293706294
vera4cast,bvre,2021-02-28 00:00:00.000000Z,P1D,1.5,8.4079166875
vera4cast,bvre,2021-03-01 00:00:00.000000Z,P1D,1.5,8.512708340277777
vera4cast,bvre,2021-03-02 00:00:00.000000Z,P1D,1.5,7.071063843971631
vera4cast,bvre,2021-03-03 00:00:00.000000Z,P1D,1.5,6.710208319444445
vera4cast,bvre,2021-03-04 00:00:00.000000Z,P1D,1.5,6.872340439716312
vera4cast,bvre,2021-03-05 00:00:00.000000Z,P1D,1.5,6.638680555555555
vera4cast,bvre,2021-03-06 00:00:00.000000Z,P1D,1.5,7.320694444444444
vera4cast,bvre,2021-03-07 00:00:00.000000Z,P1D,1.5,7.813776188811189
vera4cast,bvre,2021-03-08 00:00:00.000000Z,P1D,1.5,7.2420769307692305
vera4cast,bvre,2021-03-09 00:00:00.000000Z,P1D,1.5,6.348461538461539
vera4cast,bvre,2021-03-10 00:00:00.000000Z,P1D,1.5,7.080629342657343
vera4cast,bvre,2021-03-11 00:00:00.000000Z,P1D,1.5,7.632587426573426
vera4cast,bvre,2021-03-12 00:00:00.000000Z,P1D,1.5,8.348741265734265
vera4cast,bvre,2021-03-13 00:00:00.000000Z,P1D,1.5,8.402587405594405
vera4cast,bvre,2021-03-14 00:00:00.000000Z,P1D,1.5,8.135763895833334
vera4cast,bvre,2021-03-15 00:00:00.000000Z,P1D,1.5,9.818881125874126
vera4cast,bvre,2021-03-16 00:00:00.000000Z,P1D,1.5,10.941458319444443
vera4cast,bvre,2021-03-17 00:00:00.000000Z,P1D,1.5,9.634755265734263
vera4cast,bvre,2021-03-18 00:00:00.000000Z,P1D,1.5,11.912916666666666
vera4cast,bvre,2021-03-19 00:00:00.000000Z,P1D,1.5,9.383472215277775
vera4cast,bvre,2021-03-20 00:00:00.000000Z,P1D,1.5,9.739160846153846
vera4cast,bvre,2021-03-21 00:00:00.000000Z,P1D,1.5,9.586041645833332
vera4cast,bvre,2021-03-22 00:00:00.000000Z,P1D,1.5,9.331338014084508
vera4cast,bvre,2021-03-23 00:00:00.000000Z,P1D,1.5,11.46965034965035
vera4cast,bvre,2021-03-24 00:00:00.000000Z,P1D,1.5,10.937361125
vera4cast,bvre,2021-03-25 00:00:00.000000Z,P1D,1.5,10.650559391608391
vera4cast,bvre,2021-03-26 00:00:00.000000Z,P1D,1.5,8.319300706293706
vera4cast,bvre,2021-03-27 00:00:00.000000Z,P1D,1.5,8.623472208333334
vera4cast,bvre,2021-03-28 00:00:00.000000Z,P1D,1.5,9.924166666666666
vera4cast,bvre,2021-03-29 00:00:00.000000Z,P1D,1.5,8.220559447552448
vera4cast,bvre,2021-03-30 00:00:00.000000Z,P1D,1.5,10.121468524475524
vera4cast,bvre,2021-03-31 00:00:00.000000Z,P1D,1.5,10.743888895833331
vera4cast,bvre,2021-04-01 00:00:00.000000Z,P1D,1.5,9.193888888888887
vera4cast,bvre,2021-04-02 00:00:00.000000Z,P1D,1.5,9.6172726993007
vera4cast,bvre,2021-04-03 00:00:00.000000Z,P1D,1.5,10.940209776223776
vera4cast,bvre,2021-04-04 00:00:00.000000Z,P1D,1.5,11.309652777777778
vera4cast,bvre,2021-04-05 00:00:00.000000Z,P1D,1.5,12.168943105691056
vera4cast,bvre,2021-04-06 00:00:00.000000Z,P1D,1.5,9.564444444444444
vera4cast,bvre,2021-04-07 00:00:00.000000Z,P1D,1.5,10.478194444444444
vera4cast,bvre,2021-04-08 00:00:00.000000Z,P1D,1.5,10.236458333333331
vera4cast,bvre,2021-04-09 00:00:00.000000Z,P1D,1.5,9.511748251748251
vera4cast,bvre,2021-04-10 00:00:00.000000Z,P1D,1.5,7.697762237762237
vera4cast,bvre,2021-04-11 00:00:00.000000Z,P1D,1.5,3.763239436619718
vera4cast,bvre,2021-04-12 00:00:00.000000Z,P1D,1.5,2.341736111111111
vera4cast,bvre,2021-04-13 00:00:00.000000Z,P1D,1.5,2.196853146853147
vera4cast,bvre,2021-04-14 00:00:00.000000Z,P1D,1.5,2.3557638888888888
vera4cast,bvre,2021-04-15 00:00:00.000000Z,P1D,1.5,1.9503521126760563
vera4cast,bvre,2021-04-16 00:00:00.000000Z,P1D,1.5,2.00027972027972
vera4cast,bvre,2021-04-17 00:00:00.000000Z,P1D,1.5,2.458125
vera4cast,bvre,2021-04-18 00:00:00.000000Z,P1D,1.5,2.486805555555556
vera4cast,bvre,2021-04-19 00:00:00.000000Z,P1D,1.5,2.81875
vera4cast,bvre,2021-04-20 00:00:00.000000Z,P1D,1.5,3.082167832167832
vera4cast,bvre,2021-04-21 00:00:00.000000Z,P1D,1.5,2.812986111111111
vera4cast,bvre,2021-04-22 00:00:00.000000Z,P1D,1.5,2.9118055555555555
vera4cast,bvre,2021-04-23 00:00:00.000000Z,P1D,1.5,3.305804195804196
vera4cast,bvre,2021-04-24 00:00:00.000000Z,P1D,1.5,4.447777777777778
vera4cast,bvre,2021-04-25 00:00:00.000000Z,P1D,1.5,3.819236111111111
vera4cast,bvre,2021-04-26 00:00:00.000000Z,P1D,1.5,3.531944444444445
vera4cast,bvre,2021-04-27 00:00:00.000000Z,P1D,1.5,3.434513888888889
vera4cast,bvre,2021-04-28 00:00:00.000000Z,P1D,1.5,2.7250694444444443
vera4cast,bvre,2021-04-29 00:00:00.000000Z,P1D,1.5,2.824055944055944
vera4cast,bvre,2021-04-30 00:00:00.000000Z,P1D,1.5,2.1751388888888887
vera4cast,bvre,2021-05-01 00:00:00.000000Z,P1D,1.5,2.4425
vera4cast,bvre,2021-05-02 00:00:00.000000Z,P1D,1.5,2.493680555555556
vera4cast,bvre,2021-05-03 00:00:00.000000Z,P1D,1.5,3.298510638297872
vera4cast,bvre,2021-05-04 00:00:00.000000Z,P1D,1.5,2.695434782608696
vera4cast,bvre,2021-05-05 00:00:00.000000Z,P1D,1.5,2.221805555555556
vera4cast,bvre,2021-05-06 00:00:00.000000Z,P1D,1.5,2.350972222222222
vera4cast,bvre,2021-05-07 00:00:00.000000Z,P1D,1.5,2.781328671328671
vera4cast,bvre,2021-05-08 00:00:00.000000Z,P1D,1.5,2.392847222222222
vera4cast,bvre,2021-05-09 00:00:00.000000Z,P1D,1.5,2.8872027972027974
vera4cast,bvre,2021-05-10 00:00:00.000000Z,P1D,1.5,2.656388888888889
vera4cast,bvre,2021-05-11 00:00:00.000000Z,P1D,1.5,2.974825174825175
vera4cast,bvre,2021-05-12 00:00:00.000000Z,P1D,1.5,2.7865734265734265
vera4cast,bvre,2021-05-13 00:00:00.000000Z,P1D,1.5,2.794225352112676
vera4cast,bvre,2021-05-14 00:00:00.000000Z,P1D,1.5,2.4135
vera4cast,bvre,2021-05-15 00:00:00.000000Z,P1D,1.5,1.714236111111111
vera4cast,bvre,2021-05-16 00:00:00.000000Z,P1D,1.5,1.959020979020979
vera4cast,bvre,2021-05-17 00:00:00.000000Z,P1D,1.5,2.1504895104895105
vera4cast,bvre,2021-05-18 00:00:00.000000Z,P1D,1.5,2.117535211267606
vera4cast,bvre,2021-05-19 00:00:00.000000Z,P1D,1.5,1.8490277777777773
vera4cast,bvre,2021-05-20 00:00:00.000000Z,P1D,1.5,1.6549295774647887
vera4cast,bvre,2021-05-21 00:00:00.000000Z,P1D,1.5,1.6465248226950355
vera4cast,bvre,2021-05-22 00:00:00.000000Z,P1D,1.5,1.7380555555555557
vera4cast,bvre,2021-05-23 00:00:00.000000Z,P1D,1.5,2.064583333333333
vera4cast,bvre,2021-05-24 00:00:00.000000Z,P1D,1.5,2.3674305555555555
vera4cast,bvre,2021-05-25 00:00:00.000000Z,P1D,1.5,2.922361111111111
vera4cast,bvre,2021-05-26 00:00:00.000000Z,P1D,1.5,1.899930555555556
vera4cast,bvre,2021-05-27 00:00:00.000000Z,P1D,1.5,1.5800694444444443
vera4cast,bvre,2021-05-28 00:00:00.000000Z,P1D,1.5,1.5945774647887323
vera4cast,bvre,2021-05-29 00:00:00.000000Z,P1D,1.5,2.0962937062937064
vera4cast,bvre,2021-05-30 00:00:00.000000Z,P1D,1.5,2.222847222222222
vera4cast,bvre,2021-05-31 00:00:00.000000Z,P1D,1.5,1.7148920863309352
vera4cast,bvre,2021-06-01 00:00:00.000000Z,P1D,1.5,1.200416666666667
vera4cast,bvre,2021-06-02 00:00:00.000000Z,P1D,1.5,1.1170833333333334
vera4cast,bvre,2021-06-03 00:00:00.000000Z,P1D,1.5,1.1211111111111112
vera4cast,bvre,2021-06-04 00:00:00.000000Z,P1D,1.5,1.1806993006993007
vera4cast,bvre,2021-06-05 00:00:00.000000Z,P1D,1.5,1.0047916666666667
vera4cast,bvre,2021-06-06 00:00:00.000000Z,P1D,1.5,0.8668531468531468
vera4cast,bvre,2021-06-07 00:00:00.000000Z,P1D,1.5,0.8395138888888889
vera4cast,bvre,2021-06-08 00:00:00.000000Z,P1D,1.5,0.8183333333333334
vera4cast,bvre,2021-06-09 00:00:00.000000Z,P1D,1.5,0.8594405594405594
vera4cast,bvre,2021-06-10 00:00:00.000000Z,P1D,1.5,0.9902816901408452
vera4cast,bvre,2021-06-11 00:00:00.000000Z,P1D,1.5,0.9003496503496503
vera4cast,bvre,2021-06-12 00:00:00.000000Z,P1D,1.5,1.0826573426573427
vera4cast,bvre,2021-06-13 00:00:00.000000Z,P1D,1.5,1.3234722222222222
vera4cast,bvre,2021-06-14 00:00:00.000000Z,P1D,1.5,1.0841666666666667
vera4cast,bvre,2021-06-15 00:00:00.000000Z,P1D,1.5,1.3911267605633804
vera4cast,bvre,2021-06-16 00:00:00.000000Z,P1D,1.5,1.3009154929577464
vera4cast,bvre,2021-06-17 00:00:00.000000Z,P1D,1.5,1.558041958041958
vera4cast,bvre,2021-06-18 00:00:00.000000Z,P1D,1.5,1.893776223776224
vera4cast,bvre,2021-06-19 00:00:00.000000Z,P1D,1.5,1.7740972222222222
vera4cast,bvre,2021-06-20 00:00:00.000000Z,P1D,1.5,1.8075
vera4cast,bvre,2021-06-21 00:00:00.000000Z,P1D,1.5,1.675625
vera4cast,bvre,2021-06-22 00:00:00.000000Z,P1D,1.5,1.944930555555556
vera4cast,bvre,2021-06-23 00:00:00.000000Z,P1D,1.5,2.405944055944056
vera4cast,bvre,2021-06-24 00:00:00.000000Z,P1D,1.5,2.5693006993007
vera4cast,bvre,2021-06-25 00:00:00.000000Z,P1D,1.5,2.452916666666667
vera4cast,bvre,2021-06-26 00:00:00.000000Z,P1D,1.5,2.447112676056338
vera4cast,bvre,2021-06-27 00:00:00.000000Z,P1D,1.5,2.797342657342657
vera4cast,bvre,2021-06-28 00:00:00.000000Z,P1D,1.5,2.701619718309859
vera4cast,bvre,2021-06-29 00:00:00.000000Z,P1D,1.5,2.5423776223776224
vera4cast,bvre,2021-06-30 00:00:00.000000Z,P1D,1.5,2.3744444444444444
vera4cast,bvre,2021-07-01 00:00:00.000000Z,P1D,1.5,2.4072916666666666
vera4cast,bvre,2021-07-02 00:00:00.000000Z,P1D,1.5,2.972237762237762
vera4cast,bvre,2021-07-03 00:00:00.000000Z,P1D,1.5,3.474375
vera4cast,bvre,2021-07-04 00:00:00.000000Z,P1D,1.5,4.207916666666667
vera4cast,bvre,2021-07-05 00:00:00.000000Z,P1D,1.5,4.224652777777778
vera4cast,bvre,2021-07-06 00:00:00.000000Z,P1D,1.5,4.262097923076923
vera4cast,bvre,2021-07-07 00:00:00.000000Z,P1D,1.5,3.8184615384615386
vera4cast,bvre,2021-07-08 00:00:00.000000Z,P1D,1.5,4.044685314685315
vera4cast,bvre,2021-07-09 00:00:00.000000Z,P1D,1.5,3.830069444444444
vera4cast,bvre,2021-07-10 00:00:00.000000Z,P1D,1.5,3.9825
vera4cast,bvre,2021-07-11 00:00:00.000000Z,P1D,1.5,4.864755244755245
vera4cast,bvre,2021-07-12 00:00:00.000000Z,P1D,1.5,3.921642857142857
vera4cast,bvre,2021-07-13 00:00:00.000000Z,P1D,1.5,4.030208326388889
vera4cast,bvre,2021-07-14 00:00:00.000000Z,P1D,1.5,3.283472222222222
vera4cast,bvre,2021-07-15 00:00:00.000000Z,P1D,1.5,3.0409722222222224
vera4cast,bvre,2021-07-16 00:00:00.000000Z,P1D,1.5,2.792430555555556
vera4cast,bvre,2021-07-17 00:00:00.000000Z,P1D,1.5,3.5729166666666665
vera4cast,bvre,2021-07-18 00:00:00.000000Z,P1D,1.5,2.591118881118881
vera4cast,bvre,2021-07-19 00:00:00.000000Z,P1D,1.5,3.4771830985915493
vera4cast,bvre,2021-07-20 00:00:00.000000Z,P1D,1.5,3.145625
vera4cast,bvre,2021-07-21 00:00:00.000000Z,P1D,1.5,2.9225
vera4cast,bvre,2021-07-22 00:00:00.000000Z,P1D,1.5,4.057152777777778
vera4cast,bvre,2021-07-23 00:00:00.000000Z,P1D,1.5,3.941527777777778
vera4cast,bvre,2021-07-24 00:00:00.000000Z,P1D,1.5,4.424539007092198
vera4cast,bvre,2021-07-25 00:00:00.000000Z,P1D,1.5,4.295625
vera4cast,bvre,2021-07-26 00:00:00.000000Z,P1D,1.5,3.765244755244755
vera4cast,bvre,2021-07-27 00:00:00.000000Z,P1D,1.5,4.160555555555556
vera4cast,bvre,2021-07-28 00:00:00.000000Z,P1D,1.5,4.285244755244755
vera4cast,bvre,2021-07-29 00:00:00.000000Z,P1D,1.5,3.9974825174825175
vera4cast,bvre,2021-07-30 00:00:00.000000Z,P1D,1.5,3.816293713286713
vera4cast,bvre,2021-07-31 00:00:00.000000Z,P1D,1.5,5.006736111111112
vera4cast,bvre,2021-08-01 00:00:00.000000Z,P1D,1.5,5.732013888888889
vera4cast,bvre,2021-08-02 00:00:00.000000Z,P1D,1.5,6.161736111111111
vera4cast,bvre,2021-08-03 00:00:00.000000Z,P1D,1.5,6.967430548611111
vera4cast,bvre,2021-08-04 00:00:00.000000Z,P1D,1.5,7.963076944055944
vera4cast,bvre,2021-08-05 00:00:00.000000Z,P1D,1.5,5.993776223776224
vera4cast,bvre,2021-08-06 00:00:00.000000Z,P1D,1.5,5.8400694444444445
vera4cast,bvre,2021-08-07 00:00:00.000000Z,P1D,1.5,6.127762251748252
vera4cast,bvre,2021-08-08 00:00:00.000000Z,P1D,1.5,6.415625013888889
vera4cast,bvre,2021-08-09 00:00:00.000000Z,P1D,1.5,6.921285714285714
vera4cast,bvre,2021-08-10 00:00:00.000000Z,P1D,1.5,6.603566433566433
vera4cast,bvre,2021-08-11 00:00:00.000000Z,P1D,1.5,6.743958347222223
vera4cast,bvre,2021-08-12 00:00:00.000000Z,P1D,1.5,7.260492971830986
vera4cast,bvre,2021-08-13 00:00:00.000000Z,P1D,1.5,7.0408333333333335
vera4cast,bvre,2021-08-14 00:00:00.000000Z,P1D,1.5,6.369230769230769
vera4cast,bvre,2021-08-15 00:00:00.000000Z,P1D,1.5,8.06985916197183
vera4cast,bvre,2021-08-16 00:00:00.000000Z,P1D,1.5,8.17104893006993
vera4cast,bvre,2021-08-17 00:00:00.000000Z,P1D,1.5,9.9737063006993
vera4cast,bvre,2021-08-18 00:00:00.000000Z,P1D,1.5,11.485763875
vera4cast,bvre,2021-08-19 00:00:00.000000Z,P1D,1.5,7.072361090277778
vera4cast,bvre,2021-08-20 00:00:00.000000Z,P1D,1.5,6.049295788732395
vera4cast,bvre,2021-08-21 00:00:00.000000Z,P1D,1.5,6.491608405594405
vera4cast,bvre,2021-08-22 00:00:00.000000Z,P1D,1.5,6.09822695035461
vera4cast,bvre,2021-08-23 00:00:00.000000Z,P1D,1.5,6.160441183823529
vera4cast,bvre,2021-08-24 00:00:00.000000Z,P1D,1.5,6.740352112676057
vera4cast,bvre,2021-08-25 00:00:00.000000Z,P1D,1.5,8.731666694444444
vera4cast,bvre,2021-08-26 00:00:00.000000Z,P1D,1.5,8.94694438888889
vera4cast,bvre,2021-08-27 00:00:00.000000Z,P1D,1.5,8.57822695035461
vera4cast,bvre,2021-08-28 00:00:00.000000Z,P1D,1.5,8.45534723611111
vera4cast,bvre,2021-08-29 00:00:00.000000Z,P1D,1.5,9.555174853146854
vera4cast,bvre,2021-08-30 00:00:00.000000Z,P1D,1.5,7.838802816901408
vera4cast,bvre,2021-08-31 00:00:00.000000Z,P1D,1.5,10.169861138888889
vera4cast,bvre,2021-09-01 00:00:00.000000Z,P1D,1.5,13.689790223776225
vera4cast,bvre,2021-09-02 00:00:00.000000Z,P1D,1.5,9.573636384615384
vera4cast,bvre,2021-09-03 00:00:00.000000Z,P1D,1.5,9.346713272727271
vera4cast,bvre,2021-09-04 00:00:00.000000Z,P1D,1.5,10.442394366197185
vera4cast,bvre,2021-09-05 00:00:00.000000Z,P1D,1.5,9.896180541666666
vera4cast,bvre,2021-09-06 00:00:00.000000Z,P1D,1.5,10.251571435714286
vera4cast,bvre,2021-09-07 00:00:00.000000Z,P1D,1.5,11.581063836879432
vera4cast,bvre,2021-09-08 00:00:00.000000Z,P1D,1.5,12.920839167832169
vera4cast,bvre,2021-09-09 00:00:00.000000Z,P1D,1.5,12.714722229166666
vera4cast,bvre,2021-09-10 00:00:00.000000Z,P1D,1.5,12.157361118055556
vera4cast,bvre,2021-09-11 00:00:00.000000Z,P1D,1.5,13.407152777777778
vera4cast,bvre,2021-09-12 00:00:00.000000Z,P1D,1.5,11.660833340277778
vera4cast,bvre,2021-09-13 00:00:00.000000Z,P1D,1.5,10.254652791666668
vera4cast,bvre,2021-09-14 00:00:00.000000Z,P1D,1.5,9.201527763888889
vera4cast,bvre,2021-09-15 00:00:00.000000Z,P1D,1.5,7.0518055763888885
vera4cast,bvre,2021-09-16 00:00:00.000000Z,P1D,1.5,5.659652777777778
vera4cast,bvre,2021-09-17 00:00:00.000000Z,P1D,1.5,5.607708333333333
vera4cast,bvre,2021-09-18 00:00:00.000000Z,P1D,1.5,4.651388888888889
vera4cast,bvre,2021-09-19 00:00:00.000000Z,P1D,1.5,4.140069444444444
vera4cast,bvre,2021-09-20 00:00:00.000000Z,P1D,1.5,6.295704218309859
vera4cast,bvre,2021-09-21 00:00:00.000000Z,P1D,1.5,8.964930555555556
vera4cast,bvre,2021-09-22 00:00:00.000000Z,P1D,1.5,8.019366218309859
vera4cast,bvre,2021-09-23 00:00:00.000000Z,P1D,1.5,6.175524475524475
vera4cast,bvre,2021-09-24 00:00:00.000000Z,P1D,1.5,6.142847208333333
vera4cast,bvre,2021-09-25 00:00:00.000000Z,P1D,1.5,7.576737588652482
vera4cast,bvre,2021-09-26 00:00:00.000000Z,P1D,1.5,7.3007042394366195
vera4cast,bvre,2021-09-27 00:00:00.000000Z,P1D,1.5,7.9066433566433565
vera4cast,bvre,2021-09-28 00:00:00.000000Z,P1D,1.5,7.773541645833333
vera4cast,bvre,2021-09-29 00:00:00.000000Z,P1D,1.5,8.545972194444445
vera4cast,bvre,2021-09-30 00:00:00.000000Z,P1D,1.5,8.221527756944445
vera4cast,bvre,2021-10-01 00:00:00.000000Z,P1D,1.5,7.972517496503497
vera4cast,bvre,2021-10-02 00:00:00.000000Z,P1D,1.5,7.242986111111111
vera4cast,bvre,2021-10-03 00:00:00.000000Z,P1D,1.5,7.545944076923077
vera4cast,bvre,2021-10-04 00:00:00.000000Z,P1D,1.5,7.108671328671329
vera4cast,bvre,2021-10-05 00:00:00.000000Z,P1D,1.5,6.514652784722222
vera4cast,bvre,2021-10-06 00:00:00.000000Z,P1D,1.5,7.284236111111111
vera4cast,bvre,2021-10-07 00:00:00.000000Z,P1D,1.5,10.960979
vera4cast,bvre,2021-10-08 00:00:00.000000Z,P1D,1.5,12.081188811188811
vera4cast,bvre,2021-10-09 00:00:00.000000Z,P1D,1.5,14.249305555555557
vera4cast,bvre,2021-10-10 00:00:00.000000Z,P1D,1.5,12.1744444375
vera4cast,bvre,2021-10-11 00:00:00.000000Z,P1D,1.5,12.437847222222222
vera4cast,bvre,2021-10-12 00:00:00.000000Z,P1D,1.5,12.816402877697842
vera4cast,bvre,2021-10-13 00:00:00.000000Z,P1D,1.5,11.673888895833333
vera4cast,bvre,2021-10-14 00:00:00.000000Z,P1D,1.5,10.98584507746479
vera4cast,bvre,2021-10-15 00:00:00.000000Z,P1D,1.5,11.156458326388888
vera4cast,bvre,2021-10-16 00:00:00.000000Z,P1D,1.5,11.2177083125
vera4cast,bvre,2021-10-17 00:00:00.000000Z,P1D,1.5,9.371748286713286
vera4cast,bvre,2021-10-18 00:00:00.000000Z,P1D,1.5,10.800069430555556
vera4cast,bvre,2021-10-19 00:00:00.000000Z,P1D,1.5,11.003873232394366
vera4cast,bvre,2021-10-20 00:00:00.000000Z,P1D,1.5,10.67611111111111
vera4cast,bvre,2021-10-21 00:00:00.000000Z,P1D,1.5,11.423472194444445
vera4cast,bvre,2021-10-22 00:00:00.000000Z,P1D,1.5,10.810349636363636
vera4cast,bvre,2021-10-23 00:00:00.000000Z,P1D,1.5,9.910069388888887
vera4cast,bvre,2021-10-24 00:00:00.000000Z,P1D,1.5,10.8406944375
vera4cast,bvre,2021-10-25 00:00:00.000000Z,P1D,1.5,10.172708368055556
vera4cast,bvre,2021-10-26 00:00:00.000000Z,P1D,1.5,8.0637143
vera4cast,bvre,2021-10-27 00:00:00.000000Z,P1D,1.5,6.754374993055555
vera4cast,bvre,2021-10-28 00:00:00.000000Z,P1D,1.5,7.463611125
vera4cast,bvre,2021-10-29 00:00:00.000000Z,P1D,1.5,6.665314671328671
vera4cast,bvre,2021-10-30 00:00:00.000000Z,P1D,1.5,9.179791645833332
vera4cast,bvre,2021-10-31 00:00:00.000000Z,P1D,1.5,8.581398594405595
vera4cast,bvre,2021-11-01 00:00:00.000000Z,P1D,1.5,7.058510645390071
vera4cast,bvre,2021-11-02 00:00:00.000000Z,P1D,1.5,7.494444465277778
vera4cast,bvre,2021-11-03 00:00:00.000000Z,P1D,1.5,7.014513881944445
vera4cast,bvre,2021-11-04 00:00:00.000000Z,P1D,1.5,6.664583340277778
vera4cast,bvre,2021-11-05 00:00:00.000000Z,P1D,1.5,6.1543055625
vera4cast,bvre,2021-11-06 00:00:00.000000Z,P1D,1.5,6.180277784722223
vera4cast,bvre,2021-11-07 00:00:00.000000Z,P1D,1.5,6.3165493028169015
vera4cast,bvre,2021-11-08 00:00:00.000000Z,P1D,1.5,6.222237755244755
vera4cast,bvre,2021-11-09 00:00:00.000000Z,P1D,1.5,6.56432624822695
vera4cast,bvre,2021-11-10 00:00:00.000000Z,P1D,1.5,6.360139867132867
vera4cast,bvre,2021-11-11 00:00:00.000000Z,P1D,1.5,6.518750013888889
vera4cast,bvre,2021-11-12 00:00:00.000000Z,P1D,1.5,8.409510496503497
vera4cast,bvre,2021-11-13 00:00:00.000000Z,P1D,1.5,8.285347222222223
vera4cast,bvre,2021-11-14 00:00:00.000000Z,P1D,1.5,9.02657341958042
vera4cast,bvre,2021-11-15 00:00:00.000000Z,P1D,1.5,7.293776195804195
vera4cast,bvre,2021-11-16 00:00:00.000000Z,P1D,1.5,8.958472222222222
vera4cast,bvre,2021-11-17 00:00:00.000000Z,P1D,1.5,9.326408415492958
vera4cast,bvre,2021-11-18 00:00:00.000000Z,P1D,1.5,10.517202783216783
vera4cast,bvre,2021-11-19 00:00:00.000000Z,P1D,1.5,9.14534723611111
vera4cast,bvre,2021-11-20 00:00:00.000000Z,P1D,1.5,10.66436617605634
vera4cast,bvre,2021-11-21 00:00:00.000000Z,P1D,1.5,9.421319472222224
vera4cast,bvre,2021-11-22 00:00:00.000000Z,P1D,1.5,9.059687479166668
vera4cast,bvre,2022-01-26 00:00:00.000000Z,P1D,1.5,12.945
vera4cast,bvre,2022-01-27 00:00:00.000000Z,P1D,1.5,13.524436640845073
vera4cast,bvre,2022-01-28 00:00:00.000000Z,P1D,1.5,12.947430569444444
vera4cast,bvre,2022-01-29 00:00:00.000000Z,P1D,1.5,13.392430555555556
vera4cast,bvre,2022-01-30 00:00:00.000000Z,P1D,1.5,14.795694451388888
vera4cast,bvre,2022-01-31 00:00:00.000000Z,P1D,1.5,12.30326240425532
vera4cast,bvre,2022-02-01 00:00:00.000000Z,P1D,1.5,10.938380253521126
vera4cast,bvre,2022-02-02 00:00:00.000000Z,P1D,1.5,10.34993054861111
vera4cast,bvre,2022-02-03 00:00:00.000000Z,P1D,1.5,11.778472236111112
vera4cast,bvre,2022-02-04 00:00:00.000000Z,P1D,1.5,14.086666659722225
vera4cast,bvre,2022-02-05 00:00:00.000000Z,P1D,1.5,12.84854167361111
vera4cast,bvre,2022-02-06 00:00:00.000000Z,P1D,1.5,12.312777770833334
vera4cast,bvre,2022-02-07 00:00:00.000000Z,P1D,1.5,13.20506942361111
vera4cast,bvre,2022-02-08 00:00:00.000000Z,P1D,1.5,11.736041666666669
vera4cast,bvre,2022-02-09 00:00:00.000000Z,P1D,1.5,12.33409720138889
vera4cast,bvre,2022-02-10 00:00:00.000000Z,P1D,1.5,11.6294444375
vera4cast,bvre,2022-02-11 00:00:00.000000Z,P1D,1.5,12.283402791666669
vera4cast,bvre,2022-02-12 00:00:00.000000Z,P1D,1.5,12.12520834722222
vera4cast,bvre,2022-02-13 00:00:00.000000Z,P1D,1.5,12.375069444444444
vera4cast,bvre,2022-02-14 00:00:00.000000Z,P1D,1.5,11.665664335664337
vera4cast,bvre,2022-02-15 00:00:00.000000Z,P1D,1.5,11.740347215277778
vera4cast,bvre,2022-02-16 00:00:00.000000Z,P1D,1.5,11.861328678321678
vera4cast,bvre,2022-02-17 00:00:00.000000Z,P1D,1.5,14.735208333333333
vera4cast,bvre,2022-02-18 00:00:00.000000Z,P1D,1.5,12.656619704225353
vera4cast,bvre,2022-02-19 00:00:00.000000Z,P1D,1.5,11.496357142857144
vera4cast,bvre,2022-02-20 00:00:00.000000Z,P1D,1.5,12.461736125
vera4cast,bvre,2022-02-21 00:00:00.000000Z,P1D,1.5,13.362638881944443
vera4cast,bvre,2022-02-22 00:00:00.000000Z,P1D,1.5,15.731388888888889
vera4cast,bvre,2022-02-23 00:00:00.000000Z,P1D,1.5,14.398811195804196
vera4cast,bvre,2022-02-24 00:00:00.000000Z,P1D,1.5,14.980629363636364
vera4cast,bvre,2022-02-25 00:00:00.000000Z,P1D,1.5,15.388461545454543
vera4cast,bvre,2022-02-26 00:00:00.000000Z,P1D,1.5,14.54083916083916
vera4cast,bvre,2022-02-27 00:00:00.000000Z,P1D,1.5,15.378472208333331
vera4cast,bvre,2022-02-28 00:00:00.000000Z,P1D,1.5,14.056527777777776
vera4cast,bvre,2022-03-01 00:00:00.000000Z,P1D,1.5,13.925416666666669
vera4cast,bvre,2022-03-02 00:00:00.000000Z,P1D,1.5,14.080699293706294
vera4cast,bvre,2022-03-03 00:00:00.000000Z,P1D,1.5,14.219861104166666
vera4cast,bvre,2022-03-04 00:00:00.000000Z,P1D,1.5,16.398111895104893
vera4cast,bvre,2022-03-05 00:00:00.000000Z,P1D,1.5,16.28847222222222
vera4cast,bvre,2022-03-06 00:00:00.000000Z,P1D,1.5,17.513916083916083
vera4cast,bvre,2022-03-07 00:00:00.000000Z,P1D,1.5,18.30305555555556
vera4cast,bvre,2022-03-08 00:00:00.000000Z,P1D,1.5,15.939722215277778
vera4cast,bvre,2022-03-09 00:00:00.000000Z,P1D,1.5,18.993263895833334
vera4cast,bvre,2022-03-10 00:00:00.000000Z,P1D,1.5,17.05133802112676
vera4cast,bvre,2022-03-11 00:00:00.000000Z,P1D,1.5,16.81923611111111
vera4cast,bvre,2022-03-12 00:00:00.000000Z,P1D,1.5,15.09825174125874
vera4cast,bvre,2022-03-13 00:00:00.000000Z,P1D,1.5,13.34391609090909
vera4cast,bvre,2022-03-14 00:00:00.000000Z,P1D,1.5,13.52000001388889
vera4cast,bvre,2022-03-15 00:00:00.000000Z,P1D,1.5,13.6488028028169
vera4cast,bvre,2022-03-16 00:00:00.000000Z,P1D,1.5,14.108041951048952
vera4cast,bvre,2022-03-17 00:00:00.000000Z,P1D,1.5,13.738531475524477
vera4cast,bvre,2022-03-18 00:00:00.000000Z,P1D,1.5,12.8713194375
vera4cast,bvre,2022-03-19 00:00:00.000000Z,P1D,1.5,13.5681944375
vera4cast,bvre,2022-03-20 00:00:00.000000Z,P1D,1.5,10.62708334722222
vera4cast,bvre,2022-03-21 00:00:00.000000Z,P1D,1.5,10.450972215277778
vera4cast,bvre,2022-03-22 00:00:00.000000Z,P1D,1.5,12.12664178358209
vera4cast,bvre,2022-03-23 00:00:00.000000Z,P1D,1.5,13.738041944055944
vera4cast,bvre,2022-03-24 00:00:00.000000Z,P1D,1.5,13.298263888888888
vera4cast,bvre,2022-03-25 00:00:00.000000Z,P1D,1.5,10.207777756944443
vera4cast,bvre,2022-03-26 00:00:00.000000Z,P1D,1.5,10.819930548611111
vera4cast,bvre,2022-03-27 00:00:00.000000Z,P1D,1.5,10.529027784722222
vera4cast,bvre,2022-03-28 00:00:00.000000Z,P1D,1.5,10.639999993006994
vera4cast,bvre,2022-03-29 00:00:00.000000Z,P1D,1.5,13.388263881944445
vera4cast,bvre,2022-03-30 00:00:00.000000Z,P1D,1.5,14.418156028368797
vera4cast,bvre,2022-03-31 00:00:00.000000Z,P1D,1.5,17.37236111111111
vera4cast,bvre,2022-04-01 00:00:00.000000Z,P1D,1.5,15.674930555555555
vera4cast,bvre,2022-04-02 00:00:00.000000Z,P1D,1.5,15.72084506338028
vera4cast,bvre,2022-04-03 00:00:00.000000Z,P1D,1.5,14.030419573426574
vera4cast,bvre,2022-04-04 00:00:00.000000Z,P1D,1.5,16.31715277777778
vera4cast,bvre,2022-04-05 00:00:00.000000Z,P1D,1.5,17.976830985915495
vera4cast,bvre,2022-04-06 00:00:00.000000Z,P1D,1.5,17.67992956338028
vera4cast,bvre,2022-04-07 00:00:00.000000Z,P1D,1.5,19.00375
vera4cast,bvre,2022-04-08 00:00:00.000000Z,P1D,1.5,17.131527777777777
vera4cast,bvre,2022-04-09 00:00:00.000000Z,P1D,1.5,17.6655
vera4cast,bvre,2022-04-10 00:00:00.000000Z,P1D,1.5,15.961971816901409
vera4cast,bvre,2022-04-11 00:00:00.000000Z,P1D,1.5,18.26590277083333
vera4cast,bvre,2022-04-12 00:00:00.000000Z,P1D,1.5,17.499929085106384
vera4cast,bvre,2022-04-13 00:00:00.000000Z,P1D,1.5,17.106408450704226
vera4cast,bvre,2022-04-14 00:00:00.000000Z,P1D,1.5,16.18727272027972
vera4cast,bvre,2022-04-15 00:00:00.000000Z,P1D,1.5,14.647062923076923
vera4cast,bvre,2022-04-16 00:00:00.000000Z,P1D,1.5,13.995874132867131
vera4cast,bvre,2022-04-17 00:00:00.000000Z,P1D,1.5,12.871958048951049
vera4cast,bvre,2022-04-18 00:00:00.000000Z,P1D,1.5,19.90398601398601
vera4cast,bvre,2022-04-19 00:00:00.000000Z,P1D,1.5,14.854444458333331
vera4cast,bvre,2022-04-20 00:00:00.000000Z,P1D,1.5,18.261188804195804
vera4cast,bvre,2022-04-21 00:00:00.000000Z,P1D,1.5,19.66169014084507
vera4cast,bvre,2022-04-22 00:00:00.000000Z,P1D,1.5,15.98236111111111
vera4cast,bvre,2022-04-23 00:00:00.000000Z,P1D,1.5,13.09426572027972
vera4cast,bvre,2022-04-24 00:00:00.000000Z,P1D,1.5,10.818472236111113
vera4cast,bvre,2022-04-25 00:00:00.000000Z,P1D,1.5,9.59549295774648
vera4cast,bvre,2022-04-26 00:00:00.000000Z,P1D,1.5,9.194444458333331
vera4cast,bvre,2022-04-27 00:00:00.000000Z,P1D,1.5,8.219225295774647
vera4cast,bvre,2022-04-28 00:00:00.000000Z,P1D,1.5,8.517916666666666
vera4cast,bvre,2022-04-29 00:00:00.000000Z,P1D,1.5,10.279583319444445
vera4cast,bvre,2022-04-30 00:00:00.000000Z,P1D,1.5,10.520902791666666
vera4cast,bvre,2022-05-01 00:00:00.000000Z,P1D,1.5,10.58
vera4cast,bvre,2022-05-02 00:00:00.000000Z,P1D,1.5,7.777857128571428
vera4cast,bvre,2022-05-03 00:00:00.000000Z,P1D,1.5,6.699090909090909
vera4cast,bvre,2022-05-04 00:00:00.000000Z,P1D,1.5,4.875902777777778
vera4cast,bvre,2022-05-05 00:00:00.000000Z,P1D,1.5,5.093125
vera4cast,bvre,2022-05-06 00:00:00.000000Z,P1D,1.5,6.9033333402777775
vera4cast,bvre,2022-05-07 00:00:00.000000Z,P1D,1.5,8.027112746478874
vera4cast,bvre,2022-05-08 00:00:00.000000Z,P1D,1.5,8.518263902777777
vera4cast,bvre,2022-05-09 00:00:00.000000Z,P1D,1.5,8.368969072164948
vera4cast,bvre,2022-05-12 00:00:00.000000Z,P1D,1.5,5.731714285714286
vera4cast,bvre,2022-05-13 00:00:00.000000Z,P1D,1.5,6.9183802816901405
vera4cast,bvre,2022-05-14 00:00:00.000000Z,P1D,1.5,6.987013909722222
vera4cast,bvre,2022-05-15 00:00:00.000000Z,P1D,1.5,5.91626761971831
vera4cast,bvre,2022-05-16 00:00:00.000000Z,P1D,1.5,6.213356650349651
vera4cast,bvre,2022-05-17 00:00:00.000000Z,P1D,1.5,5.543333347222222
vera4cast,bvre,2022-05-18 00:00:00.000000Z,P1D,1.5,6.825486125
vera4cast,bvre,2022-05-19 00:00:00.000000Z,P1D,1.5,5.799148936170213
vera4cast,bvre,2022-05-20 00:00:00.000000Z,P1D,1.5,6.945763902777778
vera4cast,bvre,2022-05-21 00:00:00.000000Z,P1D,1.5,7.341118874125874
vera4cast,bvre,2022-05-22 00:00:00.000000Z,P1D,1.5,6.9614583055555554
vera4cast,bvre,2022-05-23 00:00:00.000000Z,P1D,1.5,8.5202143
vera4cast,bvre,2022-05-24 00:00:00.000000Z,P1D,1.5,10.388749986111112
vera4cast,bvre,2022-05-25 00:00:00.000000Z,P1D,1.5,11.934125867132868
vera4cast,bvre,2022-05-26 00:00:00.000000Z,P1D,1.5,10.629160818181818
vera4cast,bvre,2022-05-27 00:00:00.000000Z,P1D,1.5,10.320416652777778
vera4cast,bvre,2022-05-28 00:00:00.000000Z,P1D,1.5,9.737222222222222
vera4cast,bvre,2022-05-29 00:00:00.000000Z,P1D,1.5,12.022027972027972
vera4cast,bvre,2022-05-30 00:00:00.000000Z,P1D,1.5,12.319236104166666
vera4cast,bvre,2022-05-31 00:00:00.000000Z,P1D,1.5,9.92131945138889
vera4cast,bvre,2022-06-01 00:00:00.000000Z,P1D,1.5,8.988125
vera4cast,bvre,2022-06-02 00:00:00.000000Z,P1D,1.5,8.124825195804195
vera4cast,bvre,2022-06-03 00:00:00.000000Z,P1D,1.5,6.936013972027972
vera4cast,bvre,2022-06-04 00:00:00.000000Z,P1D,1.5,7.794097194444444
vera4cast,bvre,2022-06-05 00:00:00.000000Z,P1D,1.5,8.633846167832168
vera4cast,bvre,2022-06-06 00:00:00.000000Z,P1D,1.5,8.417746464788733
vera4cast,bvre,2022-06-07 00:00:00.000000Z,P1D,1.5,9.572569430555555
vera4cast,bvre,2022-06-08 00:00:00.000000Z,P1D,1.5,7.886875
vera4cast,bvre,2022-06-09 00:00:00.000000Z,P1D,1.5,6.442112690140845
vera4cast,bvre,2022-06-10 00:00:00.000000Z,P1D,1.5,6.634236111111111
vera4cast,bvre,2022-06-11 00:00:00.000000Z,P1D,1.5,6.56464788028169
vera4cast,bvre,2022-06-12 00:00:00.000000Z,P1D,1.5,6.388402777777777
vera4cast,bvre,2022-06-13 00:00:00.000000Z,P1D,1.5,5.748888888888889
vera4cast,bvre,2022-06-14 00:00:00.000000Z,P1D,1.5,4.353055548611111
vera4cast,bvre,2022-06-15 00:00:00.000000Z,P1D,1.5,5.137902104895105
vera4cast,bvre,2022-06-16 00:00:00.000000Z,P1D,1.5,4.038368794326241
vera4cast,bvre,2022-06-17 00:00:00.000000Z,P1D,1.5,3.709510489510489
vera4cast,bvre,2022-06-18 00:00:00.000000Z,P1D,1.5,3.9815277777777776
vera4cast,bvre,2022-06-19 00:00:00.000000Z,P1D,1.5,3.7830769230769232
vera4cast,bvre,2022-06-20 00:00:00.000000Z,P1D,1.5,3.8684057971014494
vera4cast,bvre,2022-06-21 00:00:00.000000Z,P1D,1.5,3.452027965034965
vera4cast,bvre,2022-06-22 00:00:00.000000Z,P1D,1.5,3.225384615384616
vera4cast,bvre,2022-06-23 00:00:00.000000Z,P1D,1.5,3.3885314685314687
vera4cast,bvre,2022-06-24 00:00:00.000000Z,P1D,1.5,3.450416666666667
vera4cast,bvre,2022-06-25 00:00:00.000000Z,P1D,1.5,3.238811188811189
vera4cast,bvre,2022-06-26 00:00:00.000000Z,P1D,1.5,3.274895104895105
vera4cast,bvre,2022-06-27 00:00:00.000000Z,P1D,1.5,3.7830769230769232
vera4cast,bvre,2022-06-28 00:00:00.000000Z,P1D,1.5,4.380699300699301
vera4cast,bvre,2022-06-29 00:00:00.000000Z,P1D,1.5,3.26972027972028
vera4cast,bvre,2022-06-30 00:00:00.000000Z,P1D,1.5,3.1253146853146854
vera4cast,bvre,2022-07-01 00:00:00.000000Z,P1D,1.5,2.797887323943662
vera4cast,bvre,2022-07-02 00:00:00.000000Z,P1D,1.5,2.924930555555556
vera4cast,bvre,2022-07-03 00:00:00.000000Z,P1D,1.5,3.022638888888889
vera4cast,bvre,2022-07-04 00:00:00.000000Z,P1D,1.5,2.5459722222222223
vera4cast,bvre,2022-07-05 00:00:00.000000Z,P1D,1.5,3.165625
vera4cast,bvre,2022-07-06 00:00:00.000000Z,P1D,1.5,4.423333340277778
vera4cast,bvre,2022-07-07 00:00:00.000000Z,P1D,1.5,4.103263895833333
vera4cast,bvre,2022-07-08 00:00:00.000000Z,P1D,1.5,4.455492950704225
vera4cast,bvre,2022-07-09 00:00:00.000000Z,P1D,1.5,5.562464795774648
vera4cast,bvre,2022-07-10 00:00:00.000000Z,P1D,1.5,4.794236104166667
vera4cast,bvre,2022-07-11 00:00:00.000000Z,P1D,1.5,3.97774647887324
vera4cast,bvre,2022-07-12 00:00:00.000000Z,P1D,1.5,3.945070422535211
vera4cast,bvre,2022-07-13 00:00:00.000000Z,P1D,1.5,3.54972027972028
vera4cast,bvre,2022-07-14 00:00:00.000000Z,P1D,1.5,3.491205673758865
vera4cast,bvre,2022-07-15 00:00:00.000000Z,P1D,1.5,3.705217391304348
vera4cast,bvre,2022-07-16 00:00:00.000000Z,P1D,1.5,3.680211267605634
vera4cast,bvre,2022-07-17 00:00:00.000000Z,P1D,1.5,3.5612056737588653
vera4cast,bvre,2022-07-18 00:00:00.000000Z,P1D,1.5,4.062430555555555
vera4cast,bvre,2022-07-19 00:00:00.000000Z,P1D,1.5,3.894375
vera4cast,bvre,2022-07-20 00:00:00.000000Z,P1D,1.5,6.403055555555556
vera4cast,bvre,2022-07-21 00:00:00.000000Z,P1D,1.5,7.51769227972028
vera4cast,bvre,2022-07-22 00:00:00.000000Z,P1D,1.5,7.817013888888889
vera4cast,bvre,2022-07-23 00:00:00.000000Z,P1D,1.5,8.36222225
vera4cast,bvre,2022-07-24 00:00:00.000000Z,P1D,1.5,8.664084507042254
vera4cast,bvre,2022-07-25 00:00:00.000000Z,P1D,1.5,8.464335643356643
vera4cast,bvre,2022-07-26 00:00:00.000000Z,P1D,1.5,8.055208375
vera4cast,bvre,2022-07-27 00:00:00.000000Z,P1D,1.5,9.78409723611111
vera4cast,bvre,2022-07-28 00:00:00.000000Z,P1D,1.5,11.403916083916084
vera4cast,bvre,2022-07-29 00:00:00.000000Z,P1D,1.5,11.793680576388889
vera4cast,bvre,2022-07-30 00:00:00.000000Z,P1D,1.5,11.71853148951049
vera4cast,bvre,2022-07-31 00:00:00.000000Z,P1D,1.5,13.762535204225353
vera4cast,bvre,2022-08-01 00:00:00.000000Z,P1D,1.5,13.663055555555555
vera4cast,bvre,2022-08-02 00:00:00.000000Z,P1D,1.5,14.3625
vera4cast,bvre,2022-08-03 00:00:00.000000Z,P1D,1.5,14.603426573426573
vera4cast,bvre,2022-08-04 00:00:00.000000Z,P1D,1.5,13.669097208333334
vera4cast,bvre,2022-08-05 00:00:00.000000Z,P1D,1.5,11.131805534722222
vera4cast,bvre,2022-08-06 00:00:00.000000Z,P1D,1.5,13.217535211267606
vera4cast,bvre,2022-08-07 00:00:00.000000Z,P1D,1.5,13.578169014084509
vera4cast,bvre,2022-08-08 00:00:00.000000Z,P1D,1.5,13.968111895104895
vera4cast,bvre,2022-08-09 00:00:00.000000Z,P1D,1.5,13.65916083916084
vera4cast,bvre,2022-08-10 00:00:00.000000Z,P1D,1.5,11.726923090909091
vera4cast,bvre,2022-08-11 00:00:00.000000Z,P1D,1.5,11.76202797902098
vera4cast,bvre,2022-08-12 00:00:00.000000Z,P1D,1.5,15.724685314685315
vera4cast,bvre,2022-08-13 00:00:00.000000Z,P1D,1.5,16.85951048951049
vera4cast,bvre,2022-08-14 00:00:00.000000Z,P1D,1.5,15.821888111888113
vera4cast,bvre,2022-08-15 00:00:00.000000Z,P1D,1.5,18.2762676056338
vera4cast,bvre,2022-08-16 00:00:00.000000Z,P1D,1.5,19.22493055555556
vera4cast,bvre,2022-08-17 00:00:00.000000Z,P1D,1.5,14.359027777777778
vera4cast,bvre,2022-08-18 00:00:00.000000Z,P1D,1.5,10.97352111971831
vera4cast,bvre,2022-08-19 00:00:00.000000Z,P1D,1.5,7.082777770833333
vera4cast,bvre,2022-08-20 00:00:00.000000Z,P1D,1.5,5.683098591549296
vera4cast,bvre,2022-08-21 00:00:00.000000Z,P1D,1.5,5.955
vera4cast,bvre,2022-08-22 00:00:00.000000Z,P1D,1.5,5.64307693006993
vera4cast,bvre,2022-08-23 00:00:00.000000Z,P1D,1.5,6.323356643356643
vera4cast,bvre,2022-08-24 00:00:00.000000Z,P1D,1.5,5.098741272727273
vera4cast,bvre,2022-08-25 00:00:00.000000Z,P1D,1.5,3.405314685314685
vera4cast,bvre,2022-08-26 00:00:00.000000Z,P1D,1.5,3.0034027777777776
vera4cast,bvre,2022-08-27 00:00:00.000000Z,P1D,1.5,2.494825174825175
vera4cast,bvre,2022-08-28 00:00:00.000000Z,P1D,1.5,2.627042253521126
vera4cast,bvre,2022-08-29 00:00:00.000000Z,P1D,1.5,2.3840140845070423
vera4cast,bvre,2022-08-30 00:00:00.000000Z,P1D,1.5,2.27
vera4cast,bvre,2022-08-31 00:00:00.000000Z,P1D,1.5,2.9347014925373136
vera4cast,bvre,2022-09-01 00:00:00.000000Z,P1D,1.5,4.2813888888888885
vera4cast,bvre,2022-09-02 00:00:00.000000Z,P1D,1.5,4.186971830985915
vera4cast,bvre,2022-09-03 00:00:00.000000Z,P1D,1.5,5.114444444444445
vera4cast,bvre,2022-09-04 00:00:00.000000Z,P1D,1.5,6.267777770833333
vera4cast,bvre,2022-09-05 00:00:00.000000Z,P1D,1.5,8.332222222222223
vera4cast,bvre,2022-09-06 00:00:00.000000Z,P1D,1.5,10.245384538461538
vera4cast,bvre,2022-09-07 00:00:00.000000Z,P1D,1.5,12.5181944375
vera4cast,bvre,2022-09-08 00:00:00.000000Z,P1D,1.5,15.86118881118881
vera4cast,bvre,2022-09-09 00:00:00.000000Z,P1D,1.5,17.775633802816902
vera4cast,bvre,2022-09-10 00:00:00.000000Z,P1D,1.5,20.71
vera4cast,bvre,2022-09-11 00:00:00.000000Z,P1D,1.5,21.25013986013986
vera4cast,bvre,2022-09-12 00:00:00.000000Z,P1D,1.5,24.46743055555556
vera4cast,bvre,2022-09-13 00:00:00.000000Z,P1D,1.5,25.416408450704225
vera4cast,bvre,2022-09-14 00:00:00.000000Z,P1D,1.5,28.21538461538461
vera4cast,bvre,2022-09-15 00:00:00.000000Z,P1D,1.5,29.99251748251748
vera4cast,bvre,2022-09-16 00:00:00.000000Z,P1D,1.5,31.194335664335664
vera4cast,bvre,2022-09-17 00:00:00.000000Z,P1D,1.5,29.61098591549296
vera4cast,bvre,2022-09-18 00:00:00.000000Z,P1D,1.5,29.580902777777776
vera4cast,bvre,2022-09-19 00:00:00.000000Z,P1D,1.5,31.550942028985503
vera4cast,bvre,2022-09-20 00:00:00.000000Z,P1D,1.5,34.825384615384614
vera4cast,bvre,2022-09-21 00:00:00.000000Z,P1D,1.5,31.728450704225352
vera4cast,bvre,2022-09-22 00:00:00.000000Z,P1D,1.5,33.572291666666665
vera4cast,bvre,2022-09-23 00:00:00.000000Z,P1D,1.5,29.123819444444443
vera4cast,bvre,2022-09-24 00:00:00.000000Z,P1D,1.5,24.26965277777778
vera4cast,bvre,2022-09-25 00:00:00.000000Z,P1D,1.5,22.312013888888888
vera4cast,bvre,2022-09-26 00:00:00.000000Z,P1D,1.5,23.204265734265736
vera4cast,bvre,2022-09-27 00:00:00.000000Z,P1D,1.5,21.10048951048951
vera4cast,bvre,2022-09-28 00:00:00.000000Z,P1D,1.5,19.14804195804196
vera4cast,bvre,2022-09-29 00:00:00.000000Z,P1D,1.5,18.12528571428572
vera4cast,bvre,2022-09-30 00:00:00.000000Z,P1D,1.5,16.694895104895107
vera4cast,bvre,2022-10-01 00:00:00.000000Z,P1D,1.5,15.867986111111112
vera4cast,bvre,2022-10-02 00:00:00.000000Z,P1D,1.5,13.584027777777775
vera4cast,bvre,2022-10-03 00:00:00.000000Z,P1D,1.5,11.13295773943662
vera4cast,bvre,2022-10-04 00:00:00.000000Z,P1D,1.5,8.592447566433567
vera4cast,bvre,2022-10-05 00:00:00.000000Z,P1D,1.5,7.416713342657343
vera4cast,bvre,2022-10-06 00:00:00.000000Z,P1D,1.5,7.333239436619718
vera4cast,bvre,2022-10-07 00:00:00.000000Z,P1D,1.5,7.15041958041958
vera4cast,bvre,2022-10-08 00:00:00.000000Z,P1D,1.5,7.521041680555555
vera4cast,bvre,2022-10-09 00:00:00.000000Z,P1D,1.5,7.575555555555556
vera4cast,bvre,2022-10-10 00:00:00.000000Z,P1D,1.5,7.115664335664336
vera4cast,bvre,2022-10-11 00:00:00.000000Z,P1D,1.5,7.098345345323741
vera4cast,bvre,2022-10-12 00:00:00.000000Z,P1D,1.5,7.926736145833333
vera4cast,bvre,2022-10-13 00:00:00.000000Z,P1D,1.5,10.596153825174826
vera4cast,bvre,2022-10-14 00:00:00.000000Z,P1D,1.5,7.972746542253521
vera4cast,bvre,2022-10-15 00:00:00.000000Z,P1D,1.5,8.115804195804197
vera4cast,bvre,2022-10-16 00:00:00.000000Z,P1D,1.5,7.718297879432624
vera4cast,bvre,2022-10-17 00:00:00.000000Z,P1D,1.5,8.514507049295775
vera4cast,bvre,2022-10-18 00:00:00.000000Z,P1D,1.5,5.801678321678322
vera4cast,bvre,2022-10-19 00:00:00.000000Z,P1D,1.5,5.555140845070422
vera4cast,bvre,2022-10-20 00:00:00.000000Z,P1D,1.5,7.132307699300699
vera4cast,bvre,2022-10-21 00:00:00.000000Z,P1D,1.5,6.730138875
vera4cast,bvre,2022-10-22 00:00:00.000000Z,P1D,1.5,7.332777791666666
vera4cast,bvre,2022-10-23 00:00:00.000000Z,P1D,1.5,7.702517461538462
vera4cast,bvre,2022-10-24 00:00:00.000000Z,P1D,1.5,9.496546776978418
vera4cast,bvre,2022-10-25 00:00:00.000000Z,P1D,1.5,8.138541673611112
vera4cast,bvre,2022-10-26 00:00:00.000000Z,P1D,1.5,6.61041958041958
vera4cast,bvre,2022-10-27 00:00:00.000000Z,P1D,1.5,7.380281704225352
vera4cast,bvre,2022-10-28 00:00:00.000000Z,P1D,1.5,8.985944055944056
vera4cast,bvre,2022-10-29 00:00:00.000000Z,P1D,1.5,8.4
vera4cast,bvre,2022-10-30 00:00:00.000000Z,P1D,1.5,8.940567361702128
vera4cast,bvre,2022-10-31 00:00:00.000000Z,P1D,1.5,8.394444451388889
vera4cast,bvre,2022-11-01 00:00:00.000000Z,P1D,1.5,10.121063836879433
vera4cast,bvre,2022-11-02 00:00:00.000000Z,P1D,1.5,9.747746485915494
vera4cast,bvre,2022-11-03 00:00:00.000000Z,P1D,1.5,9.222727265734266
vera4cast,bvre,2022-11-04 00:00:00.000000Z,P1D,1.5,11.148749993055556
vera4cast,bvre,2022-11-05 00:00:00.000000Z,P1D,1.5,8.836478873239436
vera4cast,bvre,2022-11-06 00:00:00.000000Z,P1D,1.5,10.034685307692309
vera4cast,bvre,2022-11-07 00:00:00.000000Z,P1D,1.5,11.1516083986014
vera4cast,bvre,2022-11-08 00:00:00.000000Z,P1D,1.5,10.219071442857144
vera4cast,bvre,2022-11-09 00:00:00.000000Z,P1D,1.5,7.739859147887324
vera4cast,bvre,2022-11-10 00:00:00.000000Z,P1D,1.5,8.613076902097902
vera4cast,bvre,2022-11-11 00:00:00.000000Z,P1D,1.5,6.441478873239436
vera4cast,bvre,2022-11-12 00:00:00.000000Z,P1D,1.5,7.418680569444445
vera4cast,bvre,2022-11-13 00:00:00.000000Z,P1D,1.5,4.70013986013986
vera4cast,bvre,2022-11-14 00:00:00.000000Z,P1D,1.5,4.944861111111111
vera4cast,bvre,2022-11-15 00:00:00.000000Z,P1D,1.5,4.365486118055555
vera4cast,bvre,2022-11-16 00:00:00.000000Z,P1D,1.5,3.123680555555556
vera4cast,bvre,2022-11-17 00:00:00.000000Z,P1D,1.5,2.975625
vera4cast,bvre,2022-11-18 00:00:00.000000Z,P1D,1.5,3.2094405594405595
vera4cast,bvre,2022-11-19 00:00:00.000000Z,P1D,1.5,3.360208333333333
vera4cast,bvre,2022-11-20 00:00:00.000000Z,P1D,1.5,2.5135664335664334
vera4cast,bvre,2022-11-21 00:00:00.000000Z,P1D,1.5,3.142847222222222
vera4cast,bvre,2022-11-22 00:00:00.000000Z,P1D,1.5,2.877394366197183
vera4cast,bvre,2022-11-23 00:00:00.000000Z,P1D,1.5,3.0298591549295777
vera4cast,bvre,2022-11-24 00:00:00.000000Z,P1D,1.5,3.402013888888889
vera4cast,bvre,2022-11-25 00:00:00.000000Z,P1D,1.5,2.9600699300699302
vera4cast,bvre,2022-11-26 00:00:00.000000Z,P1D,1.5,3.166875
vera4cast,bvre,2022-11-27 00:00:00.000000Z,P1D,1.5,3.603541666666666
vera4cast,bvre,2022-11-28 00:00:00.000000Z,P1D,1.5,3.09875
vera4cast,bvre,2022-11-29 00:00:00.000000Z,P1D,1.5,4.203146853146853
vera4cast,bvre,2022-11-30 00:00:00.000000Z,P1D,1.5,4.5925
vera4cast,bvre,2022-12-01 00:00:00.000000Z,P1D,1.5,3.3497916666666665
vera4cast,bvre,2022-12-02 00:00:00.000000Z,P1D,1.5,5.053402784722223
vera4cast,bvre,2022-12-03 00:00:00.000000Z,P1D,1.5,4.252430555555556
vera4cast,bvre,2022-12-04 00:00:00.000000Z,P1D,1.5,4.3493006993007
vera4cast,bvre,2022-12-05 00:00:00.000000Z,P1D,1.5,5.858680548611111
vera4cast,bvre,2022-12-06 00:00:00.000000Z,P1D,1.5,5.53625
vera4cast,bvre,2022-12-07 00:00:00.000000Z,P1D,1.5,6.344113482269504
vera4cast,bvre,2022-12-08 00:00:00.000000Z,P1D,1.5,6.4204225422535215
vera4cast,bvre,2022-12-09 00:00:00.000000Z,P1D,1.5,3.963055555555556
vera4cast,bvre,2022-12-10 00:00:00.000000Z,P1D,1.5,4.916363636363636
vera4cast,bvre,2022-12-11 00:00:00.000000Z,P1D,1.5,5.157972027972028
vera4cast,bvre,2022-12-12 00:00:00.000000Z,P1D,1.5,6.107285728571428
vera4cast,bvre,2022-12-13 00:00:00.000000Z,P1D,1.5,7.815555555555555
vera4cast,bvre,2022-12-14 00:00:00.000000Z,P1D,1.5,8.193076916083916
vera4cast,bvre,2022-12-15 00:00:00.000000Z,P1D,1.5,6.136478894366197
vera4cast,bvre,2022-12-16 00:00:00.000000Z,P1D,1.5,5.818059708955224
vera4cast,bvre,2022-12-17 00:00:00.000000Z,P1D,1.5,3.181901408450704
vera4cast,bvre,2022-12-18 00:00:00.000000Z,P1D,1.5,3.258125
vera4cast,bvre,2022-12-19 00:00:00.000000Z,P1D,1.5,3.3825694444444445
vera4cast,bvre,2022-12-20 00:00:00.000000Z,P1D,1.5,3.636223776223776
vera4cast,bvre,2022-12-21 00:00:00.000000Z,P1D,1.5,5.191180555555556
vera4cast,bvre,2022-12-22 00:00:00.000000Z,P1D,1.5,4.936180555555556
vera4cast,bvre,2022-12-23 00:00:00.000000Z,P1D,1.5,3.3325
vera4cast,bvre,2022-12-24 00:00:00.000000Z,P1D,1.5,2.4902083333333334
vera4cast,bvre,2022-12-25 00:00:00.000000Z,P1D,1.5,2.5059722222222223
vera4cast,bvre,2022-12-26 00:00:00.000000Z,P1D,1.5,3.0841549295774646
vera4cast,bvre,2022-12-27 00:00:00.000000Z,P1D,1.5,4.4818181818181815
vera4cast,bvre,2022-12-28 00:00:00.000000Z,P1D,1.5,5.573916090909091
vera4cast,bvre,2022-12-29 00:00:00.000000Z,P1D,1.5,6.40432624822695
vera4cast,bvre,2022-12-30 00:00:00.000000Z,P1D,1.5,5.966874993055556
vera4cast,bvre,2022-12-31 00:00:00.000000Z,P1D,1.5,6.727552454545455
vera4cast,bvre,2023-01-01 00:00:00.000000Z,P1D,1.5,5.22478873943662
vera4cast,bvre,2023-01-02 00:00:00.000000Z,P1D,1.5,3.5217730567375884
vera4cast,bvre,2023-01-03 00:00:00.000000Z,P1D,1.5,4.360694444444444
vera4cast,bvre,2023-01-04 00:00:00.000000Z,P1D,1.5,4.778194458333333
vera4cast,bvre,2023-01-05 00:00:00.000000Z,P1D,1.5,5.066527784722222
vera4cast,bvre,2023-01-06 00:00:00.000000Z,P1D,1.5,4.455815609929078
vera4cast,bvre,2023-01-07 00:00:00.000000Z,P1D,1.5,4.557986104166667
vera4cast,bvre,2023-01-08 00:00:00.000000Z,P1D,1.5,5.7813888958333335
vera4cast,bvre,2023-01-09 00:00:00.000000Z,P1D,1.5,4.778671321678321
vera4cast,bvre,2023-01-10 00:00:00.000000Z,P1D,1.5,4.722986111111111
vera4cast,bvre,2023-01-11 00:00:00.000000Z,P1D,1.5,5.860208326388888
vera4cast,bvre,2023-01-12 00:00:00.000000Z,P1D,1.5,6.205804174825174
vera4cast,bvre,2023-01-13 00:00:00.000000Z,P1D,1.5,4.423216776223776
vera4cast,bvre,2023-01-14 00:00:00.000000Z,P1D,1.5,3.3434265734265733
vera4cast,bvre,2023-01-15 00:00:00.000000Z,P1D,1.5,3.061328671328672
vera4cast,bvre,2023-01-16 00:00:00.000000Z,P1D,1.5,3.350625
vera4cast,bvre,2023-01-17 00:00:00.000000Z,P1D,1.5,3.4864788732394367
vera4cast,bvre,2023-01-18 00:00:00.000000Z,P1D,1.5,3.149577464788732
vera4cast,bvre,2023-01-19 00:00:00.000000Z,P1D,1.5,3.486643356643357
vera4cast,bvre,2023-01-20 00:00:00.000000Z,P1D,1.5,3.018181818181818
vera4cast,bvre,2023-01-21 00:00:00.000000Z,P1D,1.5,3.133888888888889
vera4cast,bvre,2023-01-22 00:00:00.000000Z,P1D,1.5,3.4920138888888888
vera4cast,bvre,2023-01-23 00:00:00.000000Z,P1D,1.5,3.361888111888112
vera4cast,bvre,2023-01-24 00:00:00.000000Z,P1D,1.5,3.085277777777778
vera4cast,bvre,2023-01-25 00:00:00.000000Z,P1D,1.5,3.664647887323944
vera4cast,bvre,2023-01-26 00:00:00.000000Z,P1D,1.5,3.316597222222222
vera4cast,bvre,2023-01-27 00:00:00.000000Z,P1D,1.5,3.4123776223776225
vera4cast,bvre,2023-01-28 00:00:00.000000Z,P1D,1.5,3.5660416666666666
vera4cast,bvre,2023-01-29 00:00:00.000000Z,P1D,1.5,4.205
vera4cast,bvre,2023-01-30 00:00:00.000000Z,P1D,1.5,4.576180555555555
vera4cast,bvre,2023-01-31 00:00:00.000000Z,P1D,1.5,4.623819444444444
vera4cast,bvre,2023-02-01 00:00:00.000000Z,P1D,1.5,4.605104895104895
vera4cast,bvre,2023-02-02 00:00:00.000000Z,P1D,1.5,4.931631205673759
vera4cast,bvre,2023-02-03 00:00:00.000000Z,P1D,1.5,3.888194444444444
vera4cast,bvre,2023-02-04 00:00:00.000000Z,P1D,1.5,4.3225
vera4cast,bvre,2023-02-05 00:00:00.000000Z,P1D,1.5,4.820972222222222
vera4cast,bvre,2023-02-06 00:00:00.000000Z,P1D,1.5,4.073191489361702
vera4cast,bvre,2023-02-07 00:00:00.000000Z,P1D,1.5,4.451818181818182
vera4cast,bvre,2023-02-08 00:00:00.000000Z,P1D,1.5,4.339722222222222
vera4cast,bvre,2023-02-09 00:00:00.000000Z,P1D,1.5,4.76748251048951
vera4cast,bvre,2023-02-10 00:00:00.000000Z,P1D,1.5,4.193125
vera4cast,bvre,2023-02-11 00:00:00.000000Z,P1D,1.5,3.999722222222222
vera4cast,bvre,2023-02-12 00:00:00.000000Z,P1D,1.5,4.752097902097902
vera4cast,bvre,2023-02-13 00:00:00.000000Z,P1D,1.5,4.017132867132867
vera4cast,bvre,2023-02-14 00:00:00.000000Z,P1D,1.5,4.1582638888888885
vera4cast,bvre,2023-02-15 00:00:00.000000Z,P1D,1.5,4.936597215277778
vera4cast,bvre,2023-02-16 00:00:00.000000Z,P1D,1.5,4.671760563380282
vera4cast,bvre,2023-02-17 00:00:00.000000Z,P1D,1.5,4.464583333333334
vera4cast,bvre,2023-02-18 00:00:00.000000Z,P1D,1.5,3.8263194444444446
vera4cast,bvre,2023-02-19 00:00:00.000000Z,P1D,1.5,4.408611118055555
vera4cast,bvre,2023-02-20 00:00:00.000000Z,P1D,1.5,4.360209783216783
vera4cast,bvre,2023-02-21 00:00:00.000000Z,P1D,1.5,3.8141666666666665
vera4cast,bvre,2023-02-22 00:00:00.000000Z,P1D,1.5,4.1779020979020975
vera4cast,bvre,2023-02-23 00:00:00.000000Z,P1D,1.5,4.141888111888112
vera4cast,bvre,2023-02-24 00:00:00.000000Z,P1D,1.5,3.601678321678321
vera4cast,bvre,2023-02-25 00:00:00.000000Z,P1D,1.5,3.9627659574468086
vera4cast,bvre,2023-02-26 00:00:00.000000Z,P1D,1.5,3.4863636363636363
vera4cast,bvre,2023-02-27 00:00:00.000000Z,P1D,1.5,3.1940845070422537
vera4cast,bvre,2023-02-28 00:00:00.000000Z,P1D,1.5,2.725208333333333
vera4cast,bvre,2023-03-01 00:00:00.000000Z,P1D,1.5,2.910416666666667
vera4cast,bvre,2023-03-02 00:00:00.000000Z,P1D,1.5,2.697132867132867
vera4cast,bvre,2023-03-03 00:00:00.000000Z,P1D,1.5,2.6579166666666665
vera4cast,bvre,2023-03-04 00:00:00.000000Z,P1D,1.5,2.2588194444444443
vera4cast,bvre,2023-03-05 00:00:00.000000Z,P1D,1.5,2.1133333333333333
vera4cast,bvre,2023-03-06 00:00:00.000000Z,P1D,1.5,2.4722916666666666
vera4cast,bvre,2023-03-07 00:00:00.000000Z,P1D,1.5,2.3138297872340425
vera4cast,bvre,2023-03-08 00:00:00.000000Z,P1D,1.5,2.277342657342657
vera4cast,bvre,2023-03-09 00:00:00.000000Z,P1D,1.5,2.5282394366197183
vera4cast,bvre,2023-03-10 00:00:00.000000Z,P1D,1.5,3.0433098591549297
vera4cast,bvre,2023-03-11 00:00:00.000000Z,P1D,1.5,2.788125
vera4cast,bvre,2023-03-12 00:00:00.000000Z,P1D,1.5,3.272361111111111
vera4cast,bvre,2023-03-13 00:00:00.000000Z,P1D,1.5,3.301944444444445
vera4cast,bvre,2023-03-14 00:00:00.000000Z,P1D,1.5,3.093819444444444
vera4cast,bvre,2023-03-15 00:00:00.000000Z,P1D,1.5,2.928951048951049
vera4cast,bvre,2023-03-16 00:00:00.000000Z,P1D,1.5,3.425734265734266
vera4cast,bvre,2023-03-17 00:00:00.000000Z,P1D,1.5,4.110140845070423
vera4cast,bvre,2023-03-18 00:00:00.000000Z,P1D,1.5,3.463146853146853
vera4cast,bvre,2023-03-19 00:00:00.000000Z,P1D,1.5,3.3832867132867133
vera4cast,bvre,2023-03-20 00:00:00.000000Z,P1D,1.5,3.7766433566433566
vera4cast,bvre,2023-03-21 00:00:00.000000Z,P1D,1.5,5.0467407407407405
vera4cast,bvre,2023-03-22 00:00:00.000000Z,P1D,1.5,7.276923034965035
vera4cast,bvre,2023-03-23 00:00:00.000000Z,P1D,1.5,6.516853153846154
vera4cast,bvre,2023-03-24 00:00:00.000000Z,P1D,1.5,6.721944451388889
vera4cast,bvre,2023-03-25 00:00:00.000000Z,P1D,1.5,10.513402770833334
vera4cast,bvre,2023-03-26 00:00:00.000000Z,P1D,1.5,7.654545433566433
vera4cast,bvre,2023-03-27 00:00:00.000000Z,P1D,1.5,8.077234063829787
vera4cast,bvre,2023-03-28 00:00:00.000000Z,P1D,1.5,8.524405594405595
vera4cast,bvre,2023-03-29 00:00:00.000000Z,P1D,1.5,7.547112676056338
vera4cast,bvre,2023-03-30 00:00:00.000000Z,P1D,1.5,6.469097208333333
vera4cast,bvre,2023-03-31 00:00:00.000000Z,P1D,1.5,8.790416680555555
vera4cast,bvre,2023-04-01 00:00:00.000000Z,P1D,1.5,8.201773063829787
vera4cast,bvre,2023-04-02 00:00:00.000000Z,P1D,1.5,7.049720286713287
vera4cast,bvre,2023-04-03 00:00:00.000000Z,P1D,1.5,8.164965041958041
vera4cast,bvre,2023-04-04 00:00:00.000000Z,P1D,1.5,8.347013902777778
vera4cast,bvre,2023-04-05 00:00:00.000000Z,P1D,1.5,7.064685321678322
vera4cast,bvre,2023-04-06 00:00:00.000000Z,P1D,1.5,6.559510510489511
vera4cast,bvre,2023-04-07 00:00:00.000000Z,P1D,1.5,7.195625006944445
vera4cast,bvre,2023-04-08 00:00:00.000000Z,P1D,1.5,8.129021006993007
vera4cast,bvre,2023-04-09 00:00:00.000000Z,P1D,1.5,5.617916666666667
vera4cast,bvre,2023-04-10 00:00:00.000000Z,P1D,1.5,4.8408391608391605
vera4cast,bvre,2023-04-11 00:00:00.000000Z,P1D,1.5,3.907692307692308
vera4cast,bvre,2023-04-12 00:00:00.000000Z,P1D,1.5,3.731319444444445
vera4cast,bvre,2023-04-13 00:00:00.000000Z,P1D,1.5,4.190555548611111
vera4cast,bvre,2023-04-14 00:00:00.000000Z,P1D,1.5,4.070763888888889
vera4cast,bvre,2023-04-15 00:00:00.000000Z,P1D,1.5,4.34612676056338
vera4cast,bvre,2023-04-16 00:00:00.000000Z,P1D,1.5,5.045804195804196
vera4cast,bvre,2023-04-17 00:00:00.000000Z,P1D,1.5,4.3907042253521125
vera4cast,bvre,2023-04-18 00:00:00.000000Z,P1D,1.5,4.454825174825175
vera4cast,bvre,2023-04-19 00:00:00.000000Z,P1D,1.5,5.274825174825175
vera4cast,bvre,2023-04-20 00:00:00.000000Z,P1D,1.5,5.605347229166667
vera4cast,bvre,2023-04-21 00:00:00.000000Z,P1D,1.5,5.344685314685314
vera4cast,bvre,2023-04-22 00:00:00.000000Z,P1D,1.5,6.514583326388889
vera4cast,bvre,2023-04-23 00:00:00.000000Z,P1D,1.5,6.259097208333333
vera4cast,bvre,2023-04-24 00:00:00.000000Z,P1D,1.5,4.7652112676056335
vera4cast,bvre,2023-04-25 00:00:00.000000Z,P1D,1.5,5.128181818181818
vera4cast,bvre,2023-04-26 00:00:00.000000Z,P1D,1.5,5.772765964539008
vera4cast,bvre,2023-04-27 00:00:00.000000Z,P1D,1.5,6.165174825174825
vera4cast,bvre,2023-04-28 00:00:00.000000Z,P1D,1.5,5.99
vera4cast,bvre,2023-04-29 00:00:00.000000Z,P1D,1.5,4.395915492957746
vera4cast,bvre,2023-04-30 00:00:00.000000Z,P1D,1.5,3.493636363636364
vera4cast,bvre,2023-05-01 00:00:00.000000Z,P1D,1.5,2.70972027972028
vera4cast,bvre,2023-05-02 00:00:00.000000Z,P1D,1.5,2.8004225352112675
vera4cast,bvre,2023-05-03 00:00:00.000000Z,P1D,1.5,2.744375
vera4cast,bvre,2023-05-04 00:00:00.000000Z,P1D,1.5,2.7484722222222224
vera4cast,bvre,2023-05-05 00:00:00.000000Z,P1D,1.5,4.110902770833333
vera4cast,bvre,2023-05-06 00:00:00.000000Z,P1D,1.5,6.001888104895105
vera4cast,bvre,2023-05-07 00:00:00.000000Z,P1D,1.5,6.065314678321679
vera4cast,bvre,2023-05-08 00:00:00.000000Z,P1D,1.5,3.700769230769231
vera4cast,bvre,2023-05-09 00:00:00.000000Z,P1D,1.5,4.348098591549296
vera4cast,bvre,2023-05-10 00:00:00.000000Z,P1D,1.5,7.438169028169014
vera4cast,bvre,2023-05-11 00:00:00.000000Z,P1D,1.5,6.404755237762238
vera4cast,bvre,2023-05-12 00:00:00.000000Z,P1D,1.5,3.939930555555556
vera4cast,bvre,2023-05-13 00:00:00.000000Z,P1D,1.5,3.0454166666666667
vera4cast,bvre,2023-05-14 00:00:00.000000Z,P1D,1.5,3.153958333333333
vera4cast,bvre,2023-05-15 00:00:00.000000Z,P1D,1.5,2.58013986013986
vera4cast,bvre,2023-05-16 00:00:00.000000Z,P1D,1.5,3.9219444444444447
vera4cast,bvre,2023-05-17 00:00:00.000000Z,P1D,1.5,2.533146853146853
vera4cast,bvre,2023-05-18 00:00:00.000000Z,P1D,1.5,2.795390070921986
vera4cast,bvre,2023-05-19 00:00:00.000000Z,P1D,1.5,2.731478873239437
vera4cast,bvre,2023-05-20 00:00:00.000000Z,P1D,1.5,3.840851063829787
vera4cast,bvre,2023-05-21 00:00:00.000000Z,P1D,1.5,2.034097222222222
vera4cast,bvre,2023-05-22 00:00:00.000000Z,P1D,1.5,2.339513888888889
vera4cast,bvre,2023-05-23 00:00:00.000000Z,P1D,1.5,2.8450694444444444
vera4cast,bvre,2023-05-24 00:00:00.000000Z,P1D,1.5,2.5629577464788733
vera4cast,bvre,2023-05-25 00:00:00.000000Z,P1D,1.5,2.7093055555555554
vera4cast,bvre,2023-05-26 00:00:00.000000Z,P1D,1.5,2.6835416666666667
vera4cast,bvre,2023-05-27 00:00:00.000000Z,P1D,1.5,2.6822222222222223
vera4cast,bvre,2023-05-28 00:00:00.000000Z,P1D,1.5,2.8724475524475523
vera4cast,bvre,2023-05-29 00:00:00.000000Z,P1D,1.5,2.684236111111112
vera4cast,bvre,2023-05-30 00:00:00.000000Z,P1D,1.5,2.488309859154929
vera4cast,bvre,2023-05-31 00:00:00.000000Z,P1D,1.5,1.6927777777777775
vera4cast,bvre,2023-06-01 00:00:00.000000Z,P1D,1.5,1.0968055555555556
vera4cast,bvre,2023-06-02 00:00:00.000000Z,P1D,1.5,1.0265972222222222
vera4cast,bvre,2023-06-03 00:00:00.000000Z,P1D,1.5,0.8661805555555555
vera4cast,bvre,2023-06-04 00:00:00.000000Z,P1D,1.5,1.128951048951049
vera4cast,bvre,2023-06-05 00:00:00.000000Z,P1D,1.5,0.8980985915492958
vera4cast,bvre,2023-06-06 00:00:00.000000Z,P1D,1.5,0.8531690140845071
vera4cast,bvre,2023-06-07 00:00:00.000000Z,P1D,1.5,0.9190909090909092
vera4cast,bvre,2023-06-08 00:00:00.000000Z,P1D,1.5,0.8162676056338029
vera4cast,bvre,2023-06-09 00:00:00.000000Z,P1D,1.5,0.7915217391304348
vera4cast,bvre,2023-06-10 00:00:00.000000Z,P1D,1.5,0.8913286713286713
vera4cast,bvre,2023-06-11 00:00:00.000000Z,P1D,1.5,1.115763888888889
vera4cast,bvre,2023-06-12 00:00:00.000000Z,P1D,1.5,1.3997222222222223
vera4cast,bvre,2023-06-13 00:00:00.000000Z,P1D,1.5,1.0557042253521127
vera4cast,bvre,2023-06-14 00:00:00.000000Z,P1D,1.5,1.100232558139535
vera4cast,bvre,2023-06-15 00:00:00.000000Z,P1D,1.5,1.087986111111111
vera4cast,bvre,2023-06-16 00:00:00.000000Z,P1D,1.5,1.3791666666666669
vera4cast,bvre,2023-06-17 00:00:00.000000Z,P1D,1.5,0.9719014084507044
vera4cast,bvre,2023-06-18 00:00:00.000000Z,P1D,1.5,1.013402777777778
vera4cast,bvre,2023-06-19 00:00:00.000000Z,P1D,1.5,1.1546853146853149
vera4cast,bvre,2023-06-20 00:00:00.000000Z,P1D,1.5,1.558951048951049
vera4cast,bvre,2023-06-21 00:00:00.000000Z,P1D,1.5,1.872083333333333
vera4cast,bvre,2023-06-22 00:00:00.000000Z,P1D,1.5,2.255664335664336
vera4cast,bvre,2023-06-23 00:00:00.000000Z,P1D,1.5,2.6443661971830985
vera4cast,bvre,2023-06-24 00:00:00.000000Z,P1D,1.5,1.6015492957746478
vera4cast,bvre,2023-06-25 00:00:00.000000Z,P1D,1.5,1.2901408450704226
vera4cast,bvre,2023-06-26 00:00:00.000000Z,P1D,1.5,1.6478169014084507
vera4cast,bvre,2023-06-27 00:00:00.000000Z,P1D,1.5,1.4118796992481202
vera4cast,bvre,2023-06-28 00:00:00.000000Z,P1D,1.5,1.2874305555555556
vera4cast,bvre,2023-06-29 00:00:00.000000Z,P1D,1.5,1.4659027777777778
vera4cast,bvre,2023-06-30 00:00:00.000000Z,P1D,1.5,1.3263194444444444
vera4cast,bvre,2023-07-01 00:00:00.000000Z,P1D,1.5,1.2920833333333333
vera4cast,bvre,2023-07-02 00:00:00.000000Z,P1D,1.5,1.1014583333333334
vera4cast,bvre,2023-07-03 00:00:00.000000Z,P1D,1.5,1.2325694444444444
vera4cast,bvre,2023-07-04 00:00:00.000000Z,P1D,1.5,1.1897902097902098
vera4cast,bvre,2023-07-05 00:00:00.000000Z,P1D,1.5,1.3646853146853146
vera4cast,bvre,2023-07-06 00:00:00.000000Z,P1D,1.5,1.472013888888889
vera4cast,bvre,2023-07-07 00:00:00.000000Z,P1D,1.5,1.0200694444444445
vera4cast,bvre,2023-07-08 00:00:00.000000Z,P1D,1.5,1.5032867132867134
vera4cast,bvre,2023-07-09 00:00:00.000000Z,P1D,1.5,1.134055944055944
vera4cast,bvre,2023-07-10 00:00:00.000000Z,P1D,1.5,1.1191666666666666
vera4cast,bvre,2023-07-11 00:00:00.000000Z,P1D,1.5,1.2004225352112676
vera4cast,bvre,2023-07-12 00:00:00.000000Z,P1D,1.5,1.431875
vera4cast,bvre,2023-07-13 00:00:00.000000Z,P1D,1.5,1.310769230769231
vera4cast,bvre,2023-07-14 00:00:00.000000Z,P1D,1.5,1.485944055944056
vera4cast,bvre,2023-07-15 00:00:00.000000Z,P1D,1.5,1.4772535211267606
vera4cast,bvre,2023-07-16 00:00:00.000000Z,P1D,1.5,1.486083916083916
vera4cast,bvre,2023-07-17 00:00:00.000000Z,P1D,1.5,1.8570833333333328
vera4cast,bvre,2023-07-18 00:00:00.000000Z,P1D,1.5,2.072097902097902
vera4cast,bvre,2023-07-19 00:00:00.000000Z,P1D,1.5,2.721180555555556
vera4cast,bvre,2023-07-20 00:00:00.000000Z,P1D,1.5,3.073263888888889
vera4cast,bvre,2023-07-21 00:00:00.000000Z,P1D,1.5,3.2111188811188813
vera4cast,bvre,2023-07-22 00:00:00.000000Z,P1D,1.5,4.470694444444445
vera4cast,bvre,2023-07-23 00:00:00.000000Z,P1D,1.5,4.760902777777778
vera4cast,bvre,2023-07-24 00:00:00.000000Z,P1D,1.5,5.227132874125874
vera4cast,bvre,2023-07-25 00:00:00.000000Z,P1D,1.5,4.962447545454546
vera4cast,bvre,2023-07-26 00:00:00.000000Z,P1D,1.5,4.76556338028169
vera4cast,bvre,2023-07-27 00:00:00.000000Z,P1D,1.5,5.615845077464789
vera4cast,bvre,2023-07-28 00:00:00.000000Z,P1D,1.5,6.431597222222222
vera4cast,bvre,2023-07-29 00:00:00.000000Z,P1D,1.5,3.487430555555556
vera4cast,bvre,2023-07-30 00:00:00.000000Z,P1D,1.5,3.884513888888889
vera4cast,bvre,2023-07-31 00:00:00.000000Z,P1D,1.5,3.4934265734265733
vera4cast,bvre,2023-08-01 00:00:00.000000Z,P1D,1.5,3.4375
vera4cast,bvre,2023-08-02 00:00:00.000000Z,P1D,1.5,4.390347222222222
vera4cast,bvre,2023-08-03 00:00:00.000000Z,P1D,1.5,5.766923083916084
vera4cast,bvre,2023-08-04 00:00:00.000000Z,P1D,1.5,8.8268084964539
vera4cast,bvre,2023-08-05 00:00:00.000000Z,P1D,1.5,6.315486097222222
vera4cast,bvre,2023-08-06 00:00:00.000000Z,P1D,1.5,6.946643370629371
vera4cast,bvre,2023-08-07 00:00:00.000000Z,P1D,1.5,6.861205687943262
vera4cast,bvre,2023-08-08 00:00:00.000000Z,P1D,1.5,5.329722222222222
vera4cast,bvre,2023-08-09 00:00:00.000000Z,P1D,1.5,5.999722215277778
vera4cast,bvre,2023-08-10 00:00:00.000000Z,P1D,1.5,7.013776216783217
vera4cast,bvre,2023-08-11 00:00:00.000000Z,P1D,1.5,7.342937055944056
vera4cast,bvre,2023-08-12 00:00:00.000000Z,P1D,1.5,6.8805555625
vera4cast,bvre,2023-08-13 00:00:00.000000Z,P1D,1.5,6.166875013888889
vera4cast,bvre,2023-08-14 00:00:00.000000Z,P1D,1.5,8.371843964539007
vera4cast,bvre,2023-08-15 00:00:00.000000Z,P1D,1.5,7.047622377622377
vera4cast,bvre,2023-08-16 00:00:00.000000Z,P1D,1.5,7.453263916666667
vera4cast,bvre,2023-08-17 00:00:00.000000Z,P1D,1.5,8.47972225
vera4cast,bvre,2023-08-18 00:00:00.000000Z,P1D,1.5,7.180354624113475
vera4cast,bvre,2023-08-19 00:00:00.000000Z,P1D,1.5,7.790416659722222
vera4cast,bvre,2023-08-20 00:00:00.000000Z,P1D,1.5,6.583680555555556
vera4cast,bvre,2023-08-21 00:00:00.000000Z,P1D,1.5,5.670563373239436
vera4cast,bvre,2023-08-22 00:00:00.000000Z,P1D,1.5,7.983098612676057
vera4cast,bvre,2023-08-23 00:00:00.000000Z,P1D,1.5,6.801527784722222
vera4cast,bvre,2023-08-24 00:00:00.000000Z,P1D,1.5,6.738958354166667
vera4cast,bvre,2023-08-25 00:00:00.000000Z,P1D,1.5,7.133194444444444
vera4cast,bvre,2023-08-26 00:00:00.000000Z,P1D,1.5,8.801888125874125
vera4cast,bvre,2023-08-27 00:00:00.000000Z,P1D,1.5,10.054444451388887
vera4cast,bvre,2023-08-28 00:00:00.000000Z,P1D,1.5,12.307708340277776
vera4cast,bvre,2023-08-29 00:00:00.000000Z,P1D,1.5,9.72055557638889
vera4cast,bvre,2023-08-30 00:00:00.000000Z,P1D,1.5,7.598461552447552
vera4cast,bvre,2023-08-31 00:00:00.000000Z,P1D,1.5,7.847605633802817
vera4cast,bvre,2023-09-01 00:00:00.000000Z,P1D,1.5,10.275774676056338
vera4cast,bvre,2023-09-02 00:00:00.000000Z,P1D,1.5,8.442797181818182
vera4cast,bvre,2023-09-03 00:00:00.000000Z,P1D,1.5,7.824335664335664
vera4cast,bvre,2023-09-04 00:00:00.000000Z,P1D,1.5,9.341118867132868
vera4cast,bvre,2023-09-05 00:00:00.000000Z,P1D,1.5,10.799436605633804
vera4cast,bvre,2023-09-06 00:00:00.000000Z,P1D,1.5,11.506736125
vera4cast,bvre,2023-09-07 00:00:00.000000Z,P1D,1.5,9.786180555555555
vera4cast,bvre,2023-09-08 00:00:00.000000Z,P1D,1.5,9.7993055625
vera4cast,bvre,2023-09-09 00:00:00.000000Z,P1D,1.5,12.92216783916084
vera4cast,bvre,2023-09-10 00:00:00.000000Z,P1D,1.5,17.74191489361702
vera4cast,bvre,2023-09-11 00:00:00.000000Z,P1D,1.5,15.5529166875
vera4cast,bvre,2023-09-12 00:00:00.000000Z,P1D,1.5,15.725785707142856
vera4cast,bvre,2023-09-13 00:00:00.000000Z,P1D,1.5,9.689097201388888
vera4cast,bvre,2023-09-14 00:00:00.000000Z,P1D,1.5,10.15597220138889
vera4cast,bvre,2023-09-15 00:00:00.000000Z,P1D,1.5,13.029440587412587
vera4cast,bvre,2023-09-16 00:00:00.000000Z,P1D,1.5,11.699652770833334
vera4cast,bvre,2023-09-17 00:00:00.000000Z,P1D,1.5,17.34701388888889
vera4cast,bvre,2023-09-18 00:00:00.000000Z,P1D,1.5,14.325524475524476
vera4cast,bvre,2023-09-19 00:00:00.000000Z,P1D,1.5,13.15638888888889
vera4cast,bvre,2023-09-20 00:00:00.000000Z,P1D,1.5,15.741901408450705
vera4cast,bvre,2023-09-21 00:00:00.000000Z,P1D,1.5,16.805069444444445
vera4cast,bvre,2023-09-22 00:00:00.000000Z,P1D,1.5,14.283125
vera4cast,bvre,2023-09-23 00:00:00.000000Z,P1D,1.5,12.76944055944056
vera4cast,bvre,2023-09-24 00:00:00.000000Z,P1D,1.5,13.934125874125874
vera4cast,bvre,2023-09-25 00:00:00.000000Z,P1D,1.5,15.226041666666667
vera4cast,bvre,2023-09-26 00:00:00.000000Z,P1D,1.5,18.41276595744681
vera4cast,bvre,2023-09-27 00:00:00.000000Z,P1D,1.5,14.743611111111113
vera4cast,bvre,2023-09-28 00:00:00.000000Z,P1D,1.5,13.04056338028169
vera4cast,bvre,2023-09-29 00:00:00.000000Z,P1D,1.5,11.198168992957749
vera4cast,bvre,2023-09-30 00:00:00.000000Z,P1D,1.5,9.677092156028367
vera4cast,bvre,2023-10-01 00:00:00.000000Z,P1D,1.5,9.55965275
vera4cast,bvre,2023-10-02 00:00:00.000000Z,P1D,1.5,9.144999992957748
vera4cast,bvre,2023-10-03 00:00:00.000000Z,P1D,1.5,9.121702127659574
vera4cast,bvre,2023-10-04 00:00:00.000000Z,P1D,1.5,6.457342643356643
vera4cast,bvre,2023-10-05 00:00:00.000000Z,P1D,1.5,6.589929085106383
vera4cast,bvre,2023-10-06 00:00:00.000000Z,P1D,1.5,5.940071428571429
vera4cast,bvre,2023-10-07 00:00:00.000000Z,P1D,1.5,5.156223776223777
vera4cast,bvre,2023-10-08 00:00:00.000000Z,P1D,1.5,6.3433333475177305
vera4cast,bvre,2023-10-09 00:00:00.000000Z,P1D,1.5,8.168661992957746
vera4cast,bvre,2023-10-10 00:00:00.000000Z,P1D,1.5,9.14657341958042
vera4cast,bvre,2023-10-11 00:00:00.000000Z,P1D,1.5,9.520070429577466
vera4cast,bvre,2023-10-12 00:00:00.000000Z,P1D,1.5,8.27854167361111
vera4cast,bvre,2023-10-13 00:00:00.000000Z,P1D,1.5,6.43006993006993
vera4cast,bvre,2023-10-14 00:00:00.000000Z,P1D,1.5,8.017500006944445
vera4cast,bvre,2023-10-15 00:00:00.000000Z,P1D,1.5,6.316527777777778
vera4cast,bvre,2023-10-16 00:00:00.000000Z,P1D,1.5,5.803098591549296
vera4cast,bvre,2023-10-17 00:00:00.000000Z,P1D,1.5,5.944055944055944
vera4cast,bvre,2023-10-18 00:00:00.000000Z,P1D,1.5,6.431328685314686
vera4cast,bvre,2023-10-19 00:00:00.000000Z,P1D,1.5,5.782847222222222
vera4cast,bvre,2023-10-20 00:00:00.000000Z,P1D,1.5,6.757777791666666
vera4cast,bvre,2023-10-21 00:00:00.000000Z,P1D,1.5,5.822152777777778
vera4cast,bvre,2023-10-22 00:00:00.000000Z,P1D,1.5,5.980069451388889
vera4cast,bvre,2023-10-23 00:00:00.000000Z,P1D,1.5,6.678461566433566
vera4cast,bvre,2023-10-24 00:00:00.000000Z,P1D,1.5,6.217835820895522
vera4cast,bvre,2023-10-25 00:00:00.000000Z,P1D,1.5,6.906642343065694
vera4cast,bvre,2023-10-26 00:00:00.000000Z,P1D,1.5,7.551751810218978
vera4cast,bvre,2023-10-27 00:00:00.000000Z,P1D,1.5,9.337153270072992
vera4cast,bvre,2023-10-28 00:00:00.000000Z,P1D,1.5,8.964890525547446
vera4cast,bvre,2023-10-29 00:00:00.000000Z,P1D,1.5,12.002374100719424
vera4cast,bvre,2023-10-30 00:00:00.000000Z,P1D,1.5,7.881159413043479
vera4cast,bvre,2023-10-31 00:00:00.000000Z,P1D,1.5,7.494592555555555
vera4cast,bvre,2023-11-01 00:00:00.000000Z,P1D,1.5,6.2127143
vera4cast,bvre,2023-11-02 00:00:00.000000Z,P1D,1.5,6.0838129568345325
vera4cast,bvre,2023-11-03 00:00:00.000000Z,P1D,1.5,5.128142857142858
vera4cast,bvre,2023-11-04 00:00:00.000000Z,P1D,1.5,5.8035
vera4cast,bvre,2023-11-05 00:00:00.000000Z,P1D,1.5,6.050571428571429
vera4cast,bvre,2023-11-06 00:00:00.000000Z,P1D,1.5,6.359858141843971
vera4cast,bvre,2023-11-07 00:00:00.000000Z,P1D,1.5,6.784928564285714
vera4cast,bvre,2023-11-08 00:00:00.000000Z,P1D,1.5,7.533357164285714
vera4cast,bvre,2023-11-09 00:00:00.000000Z,P1D,1.5,8.144642871428571
vera4cast,bvre,2023-11-10 00:00:00.000000Z,P1D,1.5,8.946312028368794
vera4cast,bvre,2023-11-11 00:00:00.000000Z,P1D,1.5,9.334751765957447
vera4cast,bvre,2023-11-12 00:00:00.000000Z,P1D,1.5,7.521056330985916
vera4cast,bvre,2023-11-13 00:00:00.000000Z,P1D,1.5,6.922340411347518
vera4cast,bvre,2023-11-14 00:00:00.000000Z,P1D,1.5,8.110724608695651
vera4cast,bvre,2023-11-15 00:00:00.000000Z,P1D,1.5,8.463333340425532
vera4cast,bvre,2023-11-16 00:00:00.000000Z,P1D,1.5,6.809785707142857
vera4cast,bvre,2023-11-17 00:00:00.000000Z,P1D,1.5,9.337194230215829
vera4cast,bvre,2023-11-18 00:00:00.000000Z,P1D,1.5,9.782816915492958
vera4cast,bvre,2023-11-19 00:00:00.000000Z,P1D,1.5,10.611914858156029
vera4cast,bvre,2023-11-20 00:00:00.000000Z,P1D,1.5,8.36390070212766
vera4cast,bvre,2023-11-21 00:00:00.000000Z,P1D,1.5,8.51878575
vera4cast,bvre,2023-11-22 00:00:00.000000Z,P1D,1.5,7.298014177304965
vera4cast,bvre,2023-11-23 00:00:00.000000Z,P1D,1.5,8.262183070422536
vera4cast,bvre,2023-11-24 00:00:00.000000Z,P1D,1.5,8.883071407142857
vera4cast,bvre,2023-11-25 00:00:00.000000Z,P1D,1.5,5.863956834532374
vera4cast,bvre,2023-11-26 00:00:00.000000Z,P1D,1.5,5.859432624113476
vera4cast,bvre,2023-11-27 00:00:00.000000Z,P1D,1.5,6.789285714285715
vera4cast,bvre,2023-11-28 00:00:00.000000Z,P1D,1.5,7.341489354609929
vera4cast,bvre,2023-11-29 00:00:00.000000Z,P1D,1.5,9.204014056338028
vera4cast,bvre,2023-11-30 00:00:00.000000Z,P1D,1.5,8.380638312056737
vera4cast,bvre,2023-12-01 00:00:00.000000Z,P1D,1.5,9.17228572857143
vera4cast,bvre,2023-12-02 00:00:00.000000Z,P1D,1.5,9.538571457142858
vera4cast,bvre,2023-12-03 00:00:00.000000Z,P1D,1.5,10.316857157142858
vera4cast,bvre,2023-12-04 00:00:00.000000Z,P1D,1.5,12.116428564285714
vera4cast,bvre,2023-12-05 00:00:00.000000Z,P1D,1.5,11.831914872340423
vera4cast,bvre,2023-12-06 00:00:00.000000Z,P1D,1.5,9.981739101449277
vera4cast,bvre,2023-12-07 00:00:00.000000Z,P1D,1.5,10.211928564285714
vera4cast,bvre,2023-12-08 00:00:00.000000Z,P1D,1.5,11.357304971631203
vera4cast,bvre,2023-12-09 00:00:00.000000Z,P1D,1.5,10.27198579432624
vera4cast,bvre,2023-12-10 00:00:00.000000Z,P1D,1.5,11.804929570422535
vera4cast,bvre,2023-12-11 00:00:00.000000Z,P1D,1.5,10.657163127659574
vera4cast,bvre,2023-12-12 00:00:00.000000Z,P1D,1.5,11.142285728571428
vera4cast,bvre,2023-12-13 00:00:00.000000Z,P1D,1.5,11.43553954676259
vera4cast,bvre,2023-12-14 00:00:00.000000Z,P1D,1.5,10.348214278571428
vera4cast,bvre,2023-12-15 00:00:00.000000Z,P1D,1.5,10.22159418115942
vera4cast,bvre,2023-12-16 00:00:00.000000Z,P1D,1.5,9.178936177304964
vera4cast,bvre,2023-12-17 00:00:00.000000Z,P1D,1.5,9.312214307142858
vera4cast,bvre,2023-12-18 00:00:00.000000Z,P1D,1.5,9.714000042857142
vera4cast,bvre,2023-12-19 00:00:00.000000Z,P1D,1.5,9.6277305035461
vera4cast,bvre,2023-12-20 00:00:00.000000Z,P1D,1.5,9.382173927536233
vera4cast,bvre,2023-12-21 00:00:00.000000Z,P1D,1.5,8.43463768115942
vera4cast,bvre,2023-12-22 00:00:00.000000Z,P1D,1.5,7.328368794326241
vera4cast,bvre,2023-12-23 00:00:00.000000Z,P1D,1.5,9.03460995035461
vera4cast,bvre,2023-12-24 00:00:00.000000Z,P1D,1.5,9.454326219858157
vera4cast,bvre,2023-12-25 00:00:00.000000Z,P1D,1.5,8.690214285714285
vera4cast,bvre,2023-12-26 00:00:00.000000Z,P1D,1.5,10.875106375886524
vera4cast,bvre,2023-12-27 00:00:00.000000Z,P1D,1.5,11.119929056737588
vera4cast,bvre,2023-12-28 00:00:00.000000Z,P1D,1.5,7.719574510638298
vera4cast,bvre,2023-12-29 00:00:00.000000Z,P1D,1.5,10.235774661971831
vera4cast,bvre,2023-12-30 00:00:00.000000Z,P1D,1.5,11.2280714
vera4cast,bvre,2023-12-31 00:00:00.000000Z,P1D,1.5,10.731418453900709
vera4cast,bvre,2024-01-01 00:00:00.000000Z,P1D,1.5,8.779716333333333
vera4cast,bvre,2024-01-02 00:00:00.000000Z,P1D,1.5,10.183043478260869
vera4cast,bvre,2024-01-03 00:00:00.000000Z,P1D,1.5,10.280642871428572
vera4cast,bvre,2024-01-04 00:00:00.000000Z,P1D,1.5,9.124326234042552
vera4cast,bvre,2024-01-05 00:00:00.000000Z,P1D,1.5,8.896099283687944
vera4cast,bvre,2024-01-06 00:00:00.000000Z,P1D,1.5,9.68625897122302
vera4cast,bvre,2024-01-07 00:00:00.000000Z,P1D,1.5,8.217999978571429
vera4cast,bvre,2024-01-08 00:00:00.000000Z,P1D,1.5,8.850496432624114
vera4cast,bvre,2024-01-09 00:00:00.000000Z,P1D,1.5,9.58709219858156
vera4cast,bvre,2024-01-10 00:00:00.000000Z,P1D,1.5,9.60326240425532
vera4cast,bvre,2024-01-11 00:00:00.000000Z,P1D,1.5,9.238357164285716
vera4cast,bvre,2024-01-12 00:00:00.000000Z,P1D,1.5,9.111142842857143
vera4cast,bvre,2024-01-13 00:00:00.000000Z,P1D,1.5,7.291928578571428
vera4cast,bvre,2024-01-14 00:00:00.000000Z,P1D,1.5,7.909714292857143
vera4cast,bvre,2024-01-15 00:00:00.000000Z,P1D,1.5,7.845531907801418
vera4cast,bvre,2024-01-16 00:00:00.000000Z,P1D,1.5,6.916428592857143
vera4cast,bvre,2024-01-17 00:00:00.000000Z,P1D,1.5,6.791214264285714
vera4cast,bvre,2024-01-18 00:00:00.000000Z,P1D,1.5,5.845971237410072
vera4cast,bvre,2024-01-19 00:00:00.000000Z,P1D,1.5,5.828057561151079
vera4cast,bvre,2024-01-20 00:00:00.000000Z,P1D,1.5,5.0910714285714285
vera4cast,bvre,2024-01-21 00:00:00.000000Z,P1D,1.5,4.829078014184397
vera4cast,bvre,2024-01-22 00:00:00.000000Z,P1D,1.5,4.66453237410072
vera4cast,bvre,2024-01-23 00:00:00.000000Z,P1D,1.5,4.630709219858156
vera4cast,bvre,2024-01-24 00:00:00.000000Z,P1D,1.5,6.208633086330935
vera4cast,bvre,2024-01-25 00:00:00.000000Z,P1D,1.5,6.253985507246377
vera4cast,bvre,2024-01-26 00:00:00.000000Z,P1D,1.5,4.880571428571429
vera4cast,bvre,2024-01-27 00:00:00.000000Z,P1D,1.5,5.5131159420289855
vera4cast,bvre,2024-01-28 00:00:00.000000Z,P1D,1.5,5.858499992857143
vera4cast,bvre,2024-01-29 00:00:00.000000Z,P1D,1.5,5.499785714285714
vera4cast,bvre,2024-01-30 00:00:00.000000Z,P1D,1.5,6.546595737588652
vera4cast,bvre,2024-01-31 00:00:00.000000Z,P1D,1.5,6.489432631205673
vera4cast,bvre,2024-02-01 00:00:00.000000Z,P1D,1.5,6.651338028169014
vera4cast,bvre,2024-02-02 00:00:00.000000Z,P1D,1.5,6.613453244604316
vera4cast,bvre,2024-02-03 00:00:00.000000Z,P1D,1.5,7.387517709219858
vera4cast,bvre,2024-02-04 00:00:00.000000Z,P1D,1.5,7.529202862318841
vera4cast,bvre,2024-02-05 00:00:00.000000Z,P1D,1.5,8.24234040425532
vera4cast,bvre,2024-02-06 00:00:00.000000Z,P1D,1.5,8.39914285
vera4cast,bvre,2024-02-07 00:00:00.000000Z,P1D,1.5,8.518000007142858
vera4cast,bvre,2024-02-08 00:00:00.000000Z,P1D,1.5,9.427214285714284
vera4cast,bvre,2024-02-09 00:00:00.000000Z,P1D,1.5,8.547730496453902
vera4cast,bvre,2024-02-10 00:00:00.000000Z,P1D,1.5,10.52390070212766
vera4cast,bvre,2024-02-11 00:00:00.000000Z,P1D,1.5,9.524113489361705
vera4cast,bvre,2024-02-12 00:00:00.000000Z,P1D,1.5,8.368
vera4cast,bvre,2024-02-13 00:00:00.000000Z,P1D,1.5,6.608428571428571
vera4cast,bvre,2024-02-14 00:00:00.000000Z,P1D,1.5,8.992411375886524
vera4cast,bvre,2024-02-15 00:00:00.000000Z,P1D,1.5,9.966785685714283
vera4cast,bvre,2024-02-16 00:00:00.000000Z,P1D,1.5,9.497659588652482
vera4cast,bvre,2024-02-17 00:00:00.000000Z,P1D,1.5,8.587588631205675
vera4cast,bvre,2024-02-18 00:00:00.000000Z,P1D,1.5,8.592323922535211
vera4cast,bvre,2024-02-19 00:00:00.000000Z,P1D,1.5,8.515873007936507
vera4cast,bvre,2024-02-20 00:00:00.000000Z,P1D,1.5,8.692014381294964
vera4cast,bvre,2024-02-21 00:00:00.000000Z,P1D,1.5,8.954893609929078
vera4cast,bvre,2024-02-22 00:00:00.000000Z,P1D,1.5,9.062907822695037
vera4cast,bvre,2024-02-23 00:00:00.000000Z,P1D,1.5,8.349214292857143
vera4cast,bvre,2024-02-24 00:00:00.000000Z,P1D,1.5,8.529859183098592
vera4cast,bvre,2024-02-25 00:00:00.000000Z,P1D,1.5,9.148214292857142
vera4cast,bvre,2024-02-26 00:00:00.000000Z,P1D,1.5,8.310928578571428
vera4cast,bvre,2024-02-27 00:00:00.000000Z,P1D,1.5,8.06106385106383
vera4cast,bvre,2024-02-28 00:00:00.000000Z,P1D,1.5,9.255395697841728
vera4cast,bvre,2024-02-29 00:00:00.000000Z,P1D,1.5,7.846259
vera4cast,bvre,2024-03-01 00:00:00.000000Z,P1D,1.5,7.948776978417266
vera4cast,bvre,2024-03-02 00:00:00.000000Z,P1D,1.5,7.725611510791367
vera4cast,bvre,2024-03-03 00:00:00.000000Z,P1D,1.5,8.211560283687943
vera4cast,bvre,2024-03-04 00:00:00.000000Z,P1D,1.5,7.885744666666667
vera4cast,bvre,2024-03-05 00:00:00.000000Z,P1D,1.5,9.50579708695652
vera4cast,bvre,2024-03-06 00:00:00.000000Z,P1D,1.5,11.087605626760563
vera4cast,bvre,2024-03-07 00:00:00.000000Z,P1D,1.5,7.542765957446808
vera4cast,bvre,2024-03-08 00:00:00.000000Z,P1D,1.5,14.01671425
vera4cast,bvre,2024-03-09 00:00:00.000000Z,P1D,1.5,18.94685713571429
vera4cast,bvre,2024-03-10 00:00:00.000000Z,P1D,1.5,7.269500014285715
vera4cast,bvre,2024-03-11 00:00:00.000000Z,P1D,1.5,6.897913676258993
vera4cast,bvre,2024-03-12 00:00:00.000000Z,P1D,1.5,6.753591542253521
vera4cast,bvre,2024-03-13 00:00:00.000000Z,P1D,1.5,7.869219872340426
vera4cast,bvre,2024-03-14 00:00:00.000000Z,P1D,1.5,8.039007120567376
vera4cast,bvre,2024-03-15 00:00:00.000000Z,P1D,1.5,10.526115086330936
vera4cast,bvre,2024-03-16 00:00:00.000000Z,P1D,1.5,11.704214314285714
vera4cast,bvre,2024-03-17 00:00:00.000000Z,P1D,1.5,11.658550717391304
vera4cast,bvre,2024-03-18 00:00:00.000000Z,P1D,1.5,11.175390056737587
vera4cast,bvre,2024-03-19 00:00:00.000000Z,P1D,1.5,10.91553954676259
vera4cast,bvre,2024-03-20 00:00:00.000000Z,P1D,1.5,11.14467626618705
vera4cast,bvre,2024-03-21 00:00:00.000000Z,P1D,1.5,12.637234070921986
vera4cast,bvre,2024-03-22 00:00:00.000000Z,P1D,1.5,13.829064755395684
vera4cast,bvre,2024-03-23 00:00:00.000000Z,P1D,1.5,14.70885715
vera4cast,bvre,2024-03-24 00:00:00.000000Z,P1D,1.5,16.172198581560284
vera4cast,bvre,2024-03-25 00:00:00.000000Z,P1D,1.5,16.72792857142857
vera4cast,bvre,2024-03-26 00:00:00.000000Z,P1D,1.5,15.560955897058824
vera4cast,bvre,2024-03-27 00:00:00.000000Z,P1D,1.5,18.06841725899281
vera4cast,bvre,2024-03-28 00:00:00.000000Z,P1D,1.5,15.890571421428572
vera4cast,bvre,2024-03-29 00:00:00.000000Z,P1D,1.5,14.50787229787234
vera4cast,bvre,2024-03-30 00:00:00.000000Z,P1D,1.5,13.944748201438848
vera4cast,bvre,2024-03-31 00:00:00.000000Z,P1D,1.5,12.435467647482014
vera4cast,bvre,2024-04-01 00:00:00.000000Z,P1D,1.5,18.73978417266187
vera4cast,bvre,2024-04-02 00:00:00.000000Z,P1D,1.5,13.690588235294118
vera4cast,bvre,2024-04-05 00:00:00.000000Z,P1D,1.5,7.45076925
vera4cast,bvre,2024-04-06 00:00:00.000000Z,P1D,1.5,6.279507042253521
vera4cast,bvre,2024-04-07 00:00:00.000000Z,P1D,1.5,6.155886531914893
vera4cast,bvre,2024-04-08 00:00:00.000000Z,P1D,1.5,8.832302179856114
vera4cast,bvre,2024-04-09 00:00:00.000000Z,P1D,1.5,5.612285721428571
vera4cast,bvre,2024-04-10 00:00:00.000000Z,P1D,1.5,6.977499985714286
vera4cast,bvre,2024-04-11 00:00:00.000000Z,P1D,1.5,12.709285721428571
vera4cast,bvre,2024-04-12 00:00:00.000000Z,P1D,1.5,8.202746535211269
vera4cast,bvre,2024-04-13 00:00:00.000000Z,P1D,1.5,5.960857142857143
vera4cast,bvre,2024-04-14 00:00:00.000000Z,P1D,1.5,5.384890510948905
